{
  "_fv": 39,
  "_type": "achievement",
  "definition": {
    "achievementName": "Another Layer or Planet?",
    "achievementDescription": "Enter LostDungeons dimension",
    "achievementIcon": {
      "value": "CUSTOM:NeosteelLantern"
    },
    "background": "Default",
    "disableDisplay": false,
    "showPopup": true,
    "announceToChat": true,
    "hideIfNotCompleted": false,
    "rewardLoot": [],
    "rewardRecipes": [],
    "rewardFunction": "No function",
    "rewardXP": 0,
    "achievementType": "task",
    "parent": {
      "value": "CUSTOM:FromBelow"
    },
    "triggerxml": "<xml xmlns=\"https://developers.google.com/blockly/xml\"><block type=\"dimension_entered\" x=\"69\" y=\"166\"><field name=\"dimension\">CUSTOM:LostDungeons</field><next><block type=\"advancement_trigger\" deletable=\"false\"></block></next></block></xml>"
  }
}