{
  "_fv": 39,
  "_type": "tool",
  "definition": {
    "renderType": 0,
    "texture": "dark_sword",
    "customModelName": "Normal",
    "name": "Blade of Forgotten",
    "specialInfo": [
      "§6Deals 30% Health True Damage if you currently have",
      "§6above 50% Max Health"
    ],
    "creativeTab": {
      "value": "CUSTOM:LDTools"
    },
    "toolType": "Sword",
    "harvestLevel": 1,
    "efficiency": 4.0,
    "attackSpeed": 1.6,
    "enchantability": 0,
    "damageVsEntity": 4.0,
    "usageCount": 2000,
    "blocksAffected": [],
    "hasGlow": false,
    "repairItems": [],
    "immuneToFire": true,
    "stayInGridWhenCrafting": false,
    "damageOnCrafting": false,
    "onEntityHitWith": {
      "name": "BladeOfForgottenLivingEntityIsHitWithTool"
    }
  }
}