{
  "_fv": 39,
  "_type": "tool",
  "definition": {
    "renderType": 1,
    "texture": "staff_icon",
    "customModelName": "staff:default",
    "name": "Celestial Staff",
    "specialInfo": [],
    "creativeTab": {
      "value": "No creative tab entry"
    },
    "toolType": "Special",
    "harvestLevel": 1,
    "efficiency": 1.0,
    "attackSpeed": 1.0,
    "enchantability": 2,
    "damageVsEntity": 4.0,
    "usageCount": 850,
    "blocksAffected": [],
    "hasGlow": false,
    "repairItems": [],
    "immuneToFire": true,
    "stayInGridWhenCrafting": false,
    "damageOnCrafting": false
  }
}