{
  "_fv": 39,
  "_type": "tool",
  "definition": {
    "renderType": 1,
    "texture": "pickaxe_icon",
    "customModelName": "pickaxe:default",
    "name": "Crystalized Pickaxe",
    "specialInfo": [],
    "creativeTab": {
      "value": "CUSTOM:LDTools"
    },
    "toolType": "Pickaxe",
    "harvestLevel": 1,
    "efficiency": 2.0,
    "attackSpeed": 1.2,
    "enchantability": 2,
    "damageVsEntity": 6.0,
    "usageCount": 0,
    "blocksAffected": [],
    "hasGlow": true,
    "glowCondition": {
      "name": "CrystalizedPickaxeMakeItemGlow"
    },
    "repairItems": [],
    "immuneToFire": false,
    "stayInGridWhenCrafting": false,
    "damageOnCrafting": false,
    "onEntitySwing": {
      "name": "ForgefireAxeEntitySwingsItem"
    }
  }
}