{
  "_fv": 39,
  "_type": "achievement",
  "definition": {
    "achievementName": "§9Knowledge = Power",
    "achievementDescription": "§9Database of logs are now unlocked in guide book.",
    "achievementIcon": {
      "value": "CUSTOM:Lorebookicon"
    },
    "background": "voidcutbrick.png",
    "disableDisplay": false,
    "showPopup": true,
    "announceToChat": true,
    "hideIfNotCompleted": true,
    "rewardLoot": [],
    "rewardRecipes": [],
    "rewardFunction": "No function",
    "rewardXP": 0,
    "achievementType": "task",
    "parent": {
      "value": "No parent: root"
    },
    "triggerxml": "<xml xmlns=\"https://developers.google.com/blockly/xml\"><block type=\"custom_trigger\" x=\"37\" y=\"59\"><next><block type=\"advancement_trigger\" deletable=\"false\"></block></next></block></xml>"
  }
}