{
  "_fv": 39,
  "_type": "achievement",
  "definition": {
    "achievementName": "Druids",
    "achievementDescription": "Collect druid flower",
    "achievementIcon": {
      "value": "CUSTOM:DruidsFlower"
    },
    "background": "Default",
    "disableDisplay": false,
    "showPopup": true,
    "announceToChat": true,
    "hideIfNotCompleted": true,
    "rewardLoot": [],
    "rewardRecipes": [],
    "rewardFunction": "No function",
    "rewardXP": 0,
    "achievementType": "goal",
    "parent": {
      "value": "CUSTOM:GettingStarted"
    },
    "triggerxml": "<xml xmlns=\"https://developers.google.com/blockly/xml\"><block type=\"custom_trigger\" x=\"62\" y=\"133\"><next><block type=\"advancement_trigger\" deletable=\"false\"></block></next></block></xml>"
  }
}