{
  "_fv": 39,
  "_type": "achievement",
  "definition": {
    "achievementName": "Firerite",
    "achievementDescription": "Craft your first Condensed Firerite",
    "achievementIcon": {
      "value": "CUSTOM:CondensedFirerite"
    },
    "background": "Default",
    "disableDisplay": false,
    "showPopup": true,
    "announceToChat": true,
    "hideIfNotCompleted": false,
    "rewardLoot": [],
    "rewardRecipes": [],
    "rewardFunction": "No function",
    "rewardXP": 0,
    "achievementType": "task",
    "parent": {
      "value": "CUSTOM:FromBelow"
    },
    "triggerxml": "<xml xmlns=\"https://developers.google.com/blockly/xml\"><block type=\"custom_trigger\" x=\"38\" y=\"63\"><next><block type=\"advancement_trigger\" deletable=\"false\"></block></next></block></xml>"
  }
}