{
  "_fv": 39,
  "_type": "tool",
  "definition": {
    "renderType": 0,
    "texture": "staff_icon",
    "customModelName": "Normal",
    "name": "Galaxy Dragon",
    "specialInfo": [],
    "creativeTab": {
      "value": "No creative tab entry"
    },
    "toolType": "Special",
    "harvestLevel": 1,
    "efficiency": 4.0,
    "attackSpeed": 1.0,
    "enchantability": 0,
    "damageVsEntity": 2.0,
    "usageCount": 0,
    "blocksAffected": [],
    "hasGlow": false,
    "repairItems": [],
    "immuneToFire": true,
    "stayInGridWhenCrafting": false,
    "damageOnCrafting": false,
    "onRightClickedInAir": {
      "name": "GalaxyDragonStaffRightclickedOnBlock"
    },
    "onRightClickedOnBlock": {
      "name": "GalaxyDragonStaffRightclickedOnBlock"
    }
  }
}