{
  "_fv": 39,
  "_type": "recipe",
  "definition": {
    "recipeType": "Crafting",
    "xpReward": 0.0,
    "cookingTime": 200,
    "recipeRetstackSize": 1,
    "group": "",
    "recipeShapeless": false,
    "recipeSlots": [
      {
        "value": ""
      },
      {
        "value": "CUSTOM:CryzuliteIngot"
      },
      {
        "value": ""
      },
      {
        "value": "CUSTOM:CryzuliteIngot"
      },
      {
        "value": "CUSTOM:PowerCore"
      },
      {
        "value": "CUSTOM:CryzuliteIngot"
      },
      {
        "value": ""
      },
      {
        "value": "CUSTOM:CryzuliteIngot"
      },
      {
        "value": "CUSTOM:CryzuliteIngot"
      }
    ],
    "recipeReturnStack": {
      "value": "CUSTOM:KeyFragment1"
    },
    "name": "key_fragment_1_r",
    "namespace": "mod"
  }
}