{
  "_fv": 39,
  "_type": "recipe",
  "definition": {
    "recipeType": "Crafting",
    "xpReward": 0.0,
    "cookingTime": 200,
    "recipeRetstackSize": 8,
    "group": "",
    "recipeShapeless": false,
    "recipeSlots": [
      {
        "value": "Items.STRING"
      },
      {
        "value": "Items.STRING"
      },
      {
        "value": "Items.STRING"
      },
      {
        "value": "Items.STRING"
      },
      {
        "value": "CUSTOM:MagmaSolution"
      },
      {
        "value": "Items.STRING"
      },
      {
        "value": "Items.STRING"
      },
      {
        "value": "Items.STRING"
      },
      {
        "value": "Items.STRING"
      }
    ],
    "recipeReturnStack": {
      "value": "CUSTOM:LavaString"
    },
    "name": "lava_string_r",
    "namespace": "mod"
  }
}