{
  "_fv": 39,
  "_type": "recipe",
  "definition": {
    "recipeType": "Crafting",
    "xpReward": 0.0,
    "cookingTime": 200,
    "recipeRetstackSize": 4,
    "group": "",
    "recipeShapeless": false,
    "recipeSlots": [
      {
        "value": "Blocks.MAGMA"
      },
      {
        "value": "Blocks.OBSIDIAN"
      },
      {
        "value": "Blocks.MAGMA"
      },
      {
        "value": "Blocks.OBSIDIAN"
      },
      {
        "value": "Items.IRON_NUGGET"
      },
      {
        "value": "Blocks.OBSIDIAN"
      },
      {
        "value": "Blocks.MAGMA"
      },
      {
        "value": "Blocks.OBSIDIAN"
      },
      {
        "value": "Blocks.MAGMA"
      }
    ],
    "recipeReturnStack": {
      "value": "CUSTOM:MagmaCompound"
    },
    "name": "magma_compound_r",
    "namespace": "mod"
  }
}