{
  "_fv": 39,
  "_type": "recipe",
  "definition": {
    "recipeType": "Crafting",
    "xpReward": 0.0,
    "cookingTime": 200,
    "recipeRetstackSize": 8,
    "group": "",
    "recipeShapeless": false,
    "recipeSlots": [
      {
        "value": "Blocks.STAINED_GLASS"
      },
      {
        "value": "Blocks.STAINED_GLASS"
      },
      {
        "value": "Blocks.STAINED_GLASS"
      },
      {
        "value": "Blocks.STAINED_GLASS"
      },
      {
        "value": "CUSTOM:InfusedIron"
      },
      {
        "value": "Blocks.STAINED_GLASS"
      },
      {
        "value": "Blocks.STAINED_GLASS"
      },
      {
        "value": "Blocks.STAINED_GLASS"
      },
      {
        "value": "Blocks.STAINED_GLASS"
      }
    ],
    "recipeReturnStack": {
      "value": "CUSTOM:NeoGlass"
    },
    "name": "neo_glass_r",
    "namespace": "mod"
  }
}