{
  "_fv": 39,
  "_type": "recipe",
  "definition": {
    "recipeType": "Crafting",
    "xpReward": 0.0,
    "cookingTime": 200,
    "recipeRetstackSize": 1,
    "group": "",
    "recipeShapeless": false,
    "recipeSlots": [
      {
        "value": "CUSTOM:InfusedRedstone"
      },
      {
        "value": "CUSTOM:PowerCharge"
      },
      {
        "value": "CUSTOM:InfusedRedstone"
      },
      {
        "value": "CUSTOM:EnergyzedAlloy"
      },
      {
        "value": "CUSTOM:InfusedCrystal"
      },
      {
        "value": "CUSTOM:EnergyzedAlloy"
      },
      {
        "value": "CUSTOM:EnergyzedAlloy"
      },
      {
        "value": "CUSTOM:EnergyzedAlloy"
      },
      {
        "value": "CUSTOM:EnergyzedAlloy"
      }
    ],
    "recipeReturnStack": {
      "value": "CUSTOM:QuantumTransporter"
    },
    "name": "quantum_transporter_r",
    "namespace": "mod"
  }
}