{
  "_fv": 39,
  "_type": "achievement",
  "definition": {
    "achievementName": "Factory",
    "achievementDescription": "Locate and Enter Factory structure",
    "achievementIcon": {
      "value": "CUSTOM:TreasureDarkBricks"
    },
    "background": "Default",
    "disableDisplay": false,
    "showPopup": true,
    "announceToChat": true,
    "hideIfNotCompleted": false,
    "rewardLoot": [],
    "rewardRecipes": [],
    "rewardFunction": "No function",
    "rewardXP": 0,
    "achievementType": "goal",
    "parent": {
      "value": "CUSTOM:RuinsAdv"
    },
    "triggerxml": "<xml xmlns=\"https://developers.google.com/blockly/xml\"><block type=\"custom_trigger\" x=\"40\" y=\"68\"><next><block type=\"advancement_trigger\" deletable=\"false\"></block></next></block></xml>"
  }
}