{
  "_fv": 39,
  "_type": "tool",
  "definition": {
    "renderType": 1,
    "texture": "big_sword_icon",
    "customModelName": "big_sword:default",
    "name": "§6The Destroyer",
    "specialInfo": [
      "§2Deal 60% max health damage to players.",
      "§4Deal 20% more damage to transformed entities"
    ],
    "creativeTab": {
      "value": "CUSTOM:LDTools"
    },
    "toolType": "Sword",
    "harvestLevel": 0,
    "efficiency": 4.0,
    "attackSpeed": 0.5,
    "enchantability": 2,
    "damageVsEntity": 40.0,
    "usageCount": 1000,
    "blocksAffected": [],
    "hasGlow": false,
    "repairItems": [
      {
        "value": "CUSTOM:EnergyzedAlloy"
      }
    ],
    "immuneToFire": true,
    "stayInGridWhenCrafting": false,
    "damageOnCrafting": false,
    "onEntityHitWith": {
      "name": "TheDestroyerLivingEntityIsHitWithTool"
    },
    "onItemInInventoryTick": {
      "name": "TheDestroyerToolInInventoryTick"
    }
  }
}