{
  "_fv": 39,
  "_type": "recipe",
  "definition": {
    "recipeType": "Crafting",
    "xpReward": 0.0,
    "cookingTime": 200,
    "recipeRetstackSize": 1,
    "group": "",
    "recipeShapeless": false,
    "recipeSlots": [
      {
        "value": "CUSTOM:CondensedMelworite"
      },
      {
        "value": "CUSTOM:CondensedFirerite"
      },
      {
        "value": ""
      },
      {
        "value": "CUSTOM:CondensedFirerite"
      },
      {
        "value": "CUSTOM:PowerCore"
      },
      {
        "value": "CUSTOM:CondensedMorfarite"
      },
      {
        "value": ""
      },
      {
        "value": "CUSTOM:CondensedMorfarite"
      },
      {
        "value": "CUSTOM:UnbreakableChain"
      }
    ],
    "recipeReturnStack": {
      "value": "CUSTOM:VenomKnife"
    },
    "name": "venom_knife_r",
    "namespace": "mod"
  }
}