{
  "_fv": 39,
  "_type": "recipe",
  "definition": {
    "recipeType": "Crafting",
    "xpReward": 0.0,
    "cookingTime": 200,
    "recipeRetstackSize": 1,
    "group": "",
    "recipeShapeless": false,
    "recipeSlots": [
      {
        "value": "CUSTOM:InfusedIron"
      },
      {
        "value": "CUSTOM:InfusedIron"
      },
      {
        "value": "CUSTOM:InfusedIron"
      },
      {
        "value": "Blocks.REDSTONE_BLOCK"
      },
      {
        "value": "Blocks.CRAFTING_TABLE"
      },
      {
        "value": "Blocks.REDSTONE_BLOCK"
      },
      {
        "value": "Blocks.BLAST_FURNACE"
      },
      {
        "value": "CUSTOM:InfusedCrystal"
      },
      {
        "value": "Blocks.BLAST_FURNACE"
      }
    ],
    "recipeReturnStack": {
      "value": "CUSTOM:Workstation1"
    },
    "name": "workstation_1_r",
    "namespace": "mod"
  }
}