{
  "_fv": 47,
  "_type": "recipe",
  "definition": {
    "recipeType": "Crafting",
    "recipeRetstackSize": 1,
    "group": "",
    "cookingBookCategory": "MISC",
    "xpReward": 0.0,
    "cookingTime": 200,
    "craftingBookCategory": "MISC",
    "recipeShapeless": false,
    "recipeSlots": [
      {
        "value": ""
      },
      {
        "value": "CUSTOM:TitaniumMetalloy"
      },
      {
        "value": ""
      },
      {
        "value": "CUSTOM:TitaniumMetalloy"
      },
      {
        "value": "CUSTOM:InfusedIron"
      },
      {
        "value": "CUSTOM:TitaniumMetalloy"
      },
      {
        "value": "CUSTOM:CondensedMorfarite"
      },
      {
        "value": "CUSTOM:TitaniumMetalloy"
      },
      {
        "value": "CUSTOM:CondensedMorfarite"
      }
    ],
    "recipeReturnStack": {
      "value": "CUSTOM:AdvancedMechanicalParts"
    },
    "name": "advancedmechanicalparts_r",
    "namespace": "mod"
  }
}