{
  "_fv": 47,
  "_type": "achievement",
  "definition": {
    "achievementName": "Cheating is not allowed",
    "achievementDescription": "Don't you even dare",
    "achievementIcon": {
      "value": "Items.ENCHANTED_BOOK"
    },
    "background": "Default",
    "disableDisplay": false,
    "showPopup": true,
    "announceToChat": true,
    "hideIfNotCompleted": true,
    "rewardLoot": [],
    "rewardRecipes": [],
    "rewardFunction": "No function",
    "rewardXP": 0,
    "achievementType": "challenge",
    "parent": {
      "value": "CUSTOM:Onmyway"
    },
    "triggerxml": "<xml xmlns=\"https://developers.google.com/blockly/xml\"><block type=\"custom_trigger\" x=\"72\" y=\"105\"><next><block type=\"advancement_trigger\" deletable=\"false\"></block></next></block></xml>"
  }
}