{
  "_fv": 47,
  "_type": "achievement",
  "definition": {
    "achievementName": "Cosmerite",
    "achievementDescription": "Create Condensed Cosmerite for elite tools",
    "achievementIcon": {
      "value": "CUSTOM:CondensedCosmerite"
    },
    "background": "Default",
    "disableDisplay": false,
    "showPopup": true,
    "announceToChat": true,
    "hideIfNotCompleted": false,
    "rewardLoot": [],
    "rewardRecipes": [],
    "rewardFunction": "No function",
    "rewardXP": 20,
    "achievementType": "goal",
    "parent": {
      "value": "CUSTOM:MorfariteAdv"
    },
    "triggerxml": "<xml xmlns=\"https://developers.google.com/blockly/xml\"><block type=\"custom_trigger\" x=\"42\" y=\"67\"><next><block type=\"advancement_trigger\" deletable=\"false\"></block></next></block></xml>"
  }
}