{
  "_fv": 47,
  "_type": "achievement",
  "definition": {
    "achievementName": "Multi-Health mobs?",
    "achievementDescription": "Convert Ghast and kill Lost Dark",
    "achievementIcon": {
      "value": "CUSTOM:CorrosiveTear"
    },
    "background": "Default",
    "disableDisplay": false,
    "showPopup": true,
    "announceToChat": true,
    "hideIfNotCompleted": false,
    "rewardLoot": [],
    "rewardRecipes": [],
    "rewardFunction": "No function",
    "rewardXP": 0,
    "achievementType": "goal",
    "parent": {
      "value": "CUSTOM:InfusedRedstoneAdv"
    },
    "triggerxml": "<xml xmlns=\"https://developers.google.com/blockly/xml\"><block type=\"custom_trigger\" x=\"59\" y=\"123\"><next><block type=\"advancement_trigger\" deletable=\"false\"></block></next></block></xml>"
  }
}