{
  "_fv": 47,
  "_type": "achievement",
  "definition": {
    "achievementName": "Gilded Pickaxe",
    "achievementDescription": "Craft Crystalized Pickaxe",
    "achievementIcon": {
      "value": "CUSTOM:CrystalizedPickaxe"
    },
    "background": "Default",
    "disableDisplay": false,
    "showPopup": true,
    "announceToChat": true,
    "hideIfNotCompleted": false,
    "rewardLoot": [],
    "rewardRecipes": [],
    "rewardFunction": "No function",
    "rewardXP": 0,
    "achievementType": "goal",
    "parent": {
      "value": "CUSTOM:W2Adv"
    },
    "triggerxml": "<xml xmlns=\"https://developers.google.com/blockly/xml\"><block type=\"custom_trigger\" x=\"80\" y=\"105\"><next><block type=\"advancement_trigger\" deletable=\"false\"></block></next></block></xml>"
  }
}