{
  "_fv": 47,
  "_type": "achievement",
  "definition": {
    "achievementName": "Dense Material",
    "achievementDescription": "Make condensed Cryzulite",
    "achievementIcon": {
      "value": "CUSTOM:CondensedCryzulite"
    },
    "background": "Default",
    "disableDisplay": false,
    "showPopup": true,
    "announceToChat": true,
    "hideIfNotCompleted": false,
    "rewardLoot": [],
    "rewardRecipes": [],
    "rewardFunction": "No function",
    "rewardXP": 0,
    "achievementType": "goal",
    "parent": {
      "value": "CUSTOM:GalacticCompresserAdv"
    },
    "triggerxml": "<xml xmlns=\"https://developers.google.com/blockly/xml\"><block type=\"custom_trigger\" x=\"77\" y=\"163\"><next><block type=\"advancement_trigger\" deletable=\"false\"></block></next></block></xml>"
  }
}