{
  "_fv": 47,
  "_type": "achievement",
  "definition": {
    "achievementName": "Log 1",
    "achievementDescription": "WIP",
    "achievementIcon": {
      "value": "CUSTOM:Lorebookicon"
    },
    "background": "Default",
    "disableDisplay": false,
    "showPopup": true,
    "announceToChat": false,
    "hideIfNotCompleted": false,
    "rewardLoot": [],
    "rewardRecipes": [],
    "rewardFunction": "No function",
    "rewardXP": 0,
    "achievementType": "task",
    "parent": {
      "value": "CUSTOM:Databaseadv"
    },
    "triggerxml": "<xml xmlns=\"https://developers.google.com/blockly/xml\"><block type=\"custom_trigger\" x=\"44\" y=\"37\"><next><block type=\"advancement_trigger\" deletable=\"false\"></block></next></block></xml>"
  }
}