{
  "_fv": 47,
  "_type": "recipe",
  "definition": {
    "recipeType": "Crafting",
    "recipeRetstackSize": 1,
    "group": "",
    "cookingBookCategory": "MISC",
    "xpReward": 0.0,
    "cookingTime": 200,
    "craftingBookCategory": "MISC",
    "recipeShapeless": false,
    "recipeSlots": [
      {
        "value": "CUSTOM:CrystalizedBoneBlocks"
      },
      {
        "value": "CUSTOM:CrystalizedBoneBlocks"
      },
      {
        "value": "CUSTOM:AdvancedPowerCore"
      },
      {
        "value": "CUSTOM:CrystalizedBoneBlocks"
      },
      {
        "value": "CUSTOM:CrystalizedAlloy"
      },
      {
        "value": "CUSTOM:PowerSupplyModule"
      },
      {
        "value": "CUSTOM:TitaniumMetalloy"
      },
      {
        "value": "CUSTOM:PowerCoil"
      },
      {
        "value": "CUSTOM:CrystalizedAlloy"
      }
    ],
    "recipeReturnStack": {
      "value": "CUSTOM:GalaxyDragonStaff"
    },
    "name": "dragon_stuff",
    "namespace": "mod"
  }
}