{
  "_fv": 47,
  "_type": "plant",
  "definition": {
    "renderType": 12,
    "texture": "druidsflower",
    "textureBottom": "",
    "customModelName": "Cross model",
    "itemTexture": "",
    "particleTexture": "",
    "tintType": "No tint",
    "isItemTinted": false,
    "plantType": "normal",
    "suspiciousStewEffect": "DARKNESS",
    "suspiciousStewDuration": 5000,
    "growapableSpawnType": "Plains",
    "growapableMaxHeight": 3,
    "customBoundingBox": false,
    "disableOffset": false,
    "boundingBoxes": [
      {
        "mx": 0.0,
        "my": 0.0,
        "mz": 0.0,
        "Mx": 16.0,
        "My": 16.0,
        "Mz": 16.0,
        "subtract": false
      }
    ],
    "name": "Druid's Flower",
    "specialInfo": [],
    "creativeTab": {
      "value": "CUSTOM:LDMain"
    },
    "hardness": 0.0,
    "resistance": 0.0,
    "luminance": 3,
    "unbreakable": false,
    "isSolid": false,
    "isCustomSoundType": false,
    "soundOnStep": {
      "value": "PLANT"
    },
    "breakSound": {
      "value": ""
    },
    "stepSound": {
      "value": ""
    },
    "placeSound": {
      "value": ""
    },
    "hitSound": {
      "value": ""
    },
    "fallSound": {
      "value": ""
    },
    "useLootTableForDrops": false,
    "customDrop": {
      "value": ""
    },
    "dropAmount": 1,
    "forceTicking": false,
    "emissiveRendering": false,
    "hasTileEntity": false,
    "isReplaceable": false,
    "colorOnMap": "DEFAULT",
    "creativePickItem": {
      "value": ""
    },
    "offsetType": "XZ",
    "aiPathNodeType": "DEFAULT",
    "flammability": 100,
    "fireSpreadSpeed": 60,
    "jumpFactor": 1.0,
    "speedFactor": 1.0,
    "canBePlacedOn": [],
    "isBonemealable": false,
    "frequencyOnChunks": 3,
    "spawnWorldTypes": [
      "CUSTOM:BetweenBedrockAndOverworld",
      "CUSTOM:LostDungeons"
    ],
    "restrictionBiomes": [
      {
        "value": "CUSTOM:AncientBiomeAbove"
      },
      {
        "value": "CUSTOM:LostSouls"
      }
    ],
    "generationType": "Flower",
    "patchSize": 4,
    "generateAtAnyHeight": false
  }
}