{
  "_fv": 47,
  "_type": "recipe",
  "definition": {
    "recipeType": "Crafting",
    "recipeRetstackSize": 3,
    "group": "",
    "cookingBookCategory": "MISC",
    "xpReward": 0.0,
    "cookingTime": 200,
    "craftingBookCategory": "MISC",
    "recipeShapeless": false,
    "recipeSlots": [
      {
        "value": "CUSTOM:CryzuliteIngot"
      },
      {
        "value": "CUSTOM:FactoryBlock"
      },
      {
        "value": "CUSTOM:CryzuliteIngot"
      },
      {
        "value": "CUSTOM:ZerithiumIngot"
      },
      {
        "value": "CUSTOM:FactoryBlock"
      },
      {
        "value": "CUSTOM:ZerithiumIngot"
      },
      {
        "value": "CUSTOM:CryzuliteIngot"
      },
      {
        "value": "CUSTOM:FactoryBlock"
      },
      {
        "value": "CUSTOM:CryzuliteIngot"
      }
    ],
    "recipeReturnStack": {
      "value": "CUSTOM:FactoryPillar"
    },
    "name": "factory_block_upgrade_r",
    "namespace": "mod"
  }
}