{
  "_fv": 47,
  "_type": "recipe",
  "definition": {
    "recipeType": "Crafting",
    "recipeRetstackSize": 16,
    "group": "",
    "cookingBookCategory": "MISC",
    "xpReward": 0.0,
    "cookingTime": 200,
    "craftingBookCategory": "MISC",
    "recipeShapeless": false,
    "recipeSlots": [
      {
        "value": "Blocks.STONE"
      },
      {
        "value": "Blocks.STONE"
      },
      {
        "value": "Blocks.STONE"
      },
      {
        "value": "Blocks.STONE"
      },
      {
        "value": "CUSTOM:InfusedIron"
      },
      {
        "value": "Blocks.STONE"
      },
      {
        "value": "Blocks.STONE"
      },
      {
        "value": "Blocks.STONE"
      },
      {
        "value": "Blocks.STONE"
      }
    ],
    "recipeReturnStack": {
      "value": "CUSTOM:FactoryBlock"
    },
    "name": "factory_block_r",
    "namespace": "mod"
  }
}