{
  "_fv": 47,
  "_type": "tool",
  "definition": {
    "toolType": "Axe",
    "renderType": 0,
    "texture": "forgefire_axe",
    "customModelName": "Normal",
    "name": "§6Forgefire Axe",
    "specialInfo": [
      "§dAllows you to retrieve special materials from wood."
    ],
    "creativeTab": {
      "value": "CUSTOM:LDTools"
    },
    "harvestLevel": 1,
    "efficiency": 2.0,
    "attackSpeed": 1.0,
    "enchantability": 2,
    "damageVsEntity": 6.0,
    "usageCount": 0,
    "blocksAffected": [],
    "hasGlow": true,
    "glowCondition": {
      "name": "CrystalizedPickaxeMakeItemGlow"
    },
    "repairItems": [],
    "immuneToFire": true,
    "stayInGridWhenCrafting": false,
    "damageOnCrafting": false,
    "onEntitySwing": {
      "name": "ForgefireAxeEntitySwingsItem"
    }
  }
}