{
  "_fv": 47,
  "_type": "achievement",
  "definition": {
    "achievementName": "Fragile Alloy",
    "achievementDescription": "Craft crystalized alloy",
    "achievementIcon": {
      "value": "CUSTOM:CrystalizedAlloy"
    },
    "background": "Default",
    "disableDisplay": false,
    "showPopup": true,
    "announceToChat": true,
    "hideIfNotCompleted": false,
    "rewardLoot": [],
    "rewardRecipes": [],
    "rewardFunction": "No function",
    "rewardXP": 0,
    "achievementType": "task",
    "parent": {
      "value": "CUSTOM:Onmyway"
    },
    "triggerxml": "<xml xmlns=\"https://developers.google.com/blockly/xml\"><block type=\"custom_trigger\" x=\"44\" y=\"41\"><next><block type=\"advancement_trigger\" deletable=\"false\"></block></next></block></xml>"
  }
}