{
  "_fv": 47,
  "_type": "achievement",
  "definition": {
    "achievementName": "Getting Started",
    "achievementDescription": "Get your first Infused Iron",
    "achievementIcon": {
      "value": "CUSTOM:InfusedIron"
    },
    "background": "Default",
    "disableDisplay": false,
    "showPopup": true,
    "announceToChat": true,
    "hideIfNotCompleted": true,
    "rewardLoot": [],
    "rewardRecipes": [],
    "rewardFunction": "No function",
    "rewardXP": 0,
    "achievementType": "task",
    "parent": {
      "value": "CUSTOM:InstallAdv"
    },
    "triggerxml": "<xml xmlns=\"https://developers.google.com/blockly/xml\"><block type=\"custom_trigger\" x=\"68\" y=\"161\"><next><block type=\"advancement_trigger\" deletable=\"false\"></block></next></block></xml>"
  }
}