{
  "_fv": 47,
  "_type": "recipe",
  "definition": {
    "recipeType": "Smithing",
    "recipeRetstackSize": 1,
    "group": "",
    "cookingBookCategory": "MISC",
    "xpReward": 0.0,
    "cookingTime": 200,
    "craftingBookCategory": "MISC",
    "recipeShapeless": false,
    "smithingInputStack": {
      "value": "CUSTOM:OverChargeCoil"
    },
    "smithingInputAdditionStack": {
      "value": "CUSTOM:PowerChargeSolutions"
    },
    "smithingReturnStack": {
      "value": "CUSTOM:GigaChargeCoil"
    },
    "name": "giga_charge_coil_r",
    "namespace": "mod"
  }
}