{
  "_fv": 47,
  "_type": "achievement",
  "definition": {
    "achievementName": "Lava Resistant?",
    "achievementDescription": "Craft Heat Resistance Glass",
    "achievementIcon": {
      "value": "CUSTOM:HeatResistanceGlass"
    },
    "background": "Default",
    "disableDisplay": false,
    "showPopup": true,
    "announceToChat": true,
    "hideIfNotCompleted": false,
    "rewardLoot": [],
    "rewardRecipes": [],
    "rewardFunction": "No function",
    "rewardXP": 0,
    "achievementType": "task",
    "parent": {
      "value": "CUSTOM:HardenedGlassAdv"
    },
    "triggerxml": "<xml xmlns=\"https://developers.google.com/blockly/xml\"><block type=\"custom_trigger\" x=\"77\" y=\"137\"><next><block type=\"advancement_trigger\" deletable=\"false\"></block></next></block></xml>"
  }
}