{
  "_fv": 47,
  "_type": "achievement",
  "definition": {
    "achievementName": "I hear sssss-",
    "achievementDescription": "Convert Creeper and kill Maelstrom",
    "achievementIcon": {
      "value": "CUSTOM:InfusedRedstone"
    },
    "background": "Default",
    "disableDisplay": false,
    "showPopup": true,
    "announceToChat": true,
    "hideIfNotCompleted": false,
    "rewardLoot": [],
    "rewardRecipes": [],
    "rewardFunction": "No function",
    "rewardXP": 0,
    "achievementType": "task",
    "parent": {
      "value": "CUSTOM:GettingStarted"
    },
    "triggerxml": "<xml xmlns=\"https://developers.google.com/blockly/xml\"><block type=\"custom_trigger\" x=\"38\" y=\"46\"><next><block type=\"advancement_trigger\" deletable=\"false\"></block></next></block></xml>"
  }
}