{
  "_fv": 47,
  "_type": "structure",
  "definition": {
    "structure": "manufactory_core_block",
    "randomlyRotateStructure": false,
    "surfaceDetectionType": "First block",
    "spawnProbability": 10000,
    "minCountPerChunk": 1,
    "maxCountPerChunk": 1,
    "spawnLocation": "Ground",
    "spawnHeightOffset": 0,
    "spawnXOffset": 0,
    "spawnZOffset": 0,
    "spawnWorldTypes": [
      "CUSTOM:LostDungeons"
    ],
    "restrictionBlocks": [
      {
        "value": "CUSTOM:SpaceRockDirt"
      }
    ],
    "restrictionBiomes": [],
    "ignoreBlocks": "STRUCTURE_BLOCK"
  }
}