{
  "_fv": 47,
  "_type": "recipe",
  "definition": {
    "recipeType": "Crafting",
    "recipeRetstackSize": 1,
    "group": "",
    "cookingBookCategory": "MISC",
    "xpReward": 0.0,
    "cookingTime": 200,
    "craftingBookCategory": "MISC",
    "recipeShapeless": false,
    "recipeSlots": [
      {
        "value": "CUSTOM:CondensedMelworite"
      },
      {
        "value": "CUSTOM:PowerCoil"
      },
      {
        "value": "CUSTOM:CondensedMelworite"
      },
      {
        "value": "CUSTOM:GigaChargeCoil"
      },
      {
        "value": "CUSTOM:TitaniumMetalloy"
      },
      {
        "value": "CUSTOM:GigaChargeCoil"
      },
      {
        "value": ""
      },
      {
        "value": "CUSTOM:GigaChargeCoil"
      },
      {
        "value": ""
      }
    ],
    "recipeReturnStack": {
      "value": "CUSTOM:PowerClamp"
    },
    "name": "power_clamp_r",
    "namespace": "mod"
  }
}