{
  "_fv": 47,
  "_type": "achievement",
  "definition": {
    "achievementName": "Ruins",
    "achievementDescription": "Manual database updated.",
    "achievementIcon": {
      "value": "CUSTOM:Treasurebricks"
    },
    "background": "Default",
    "disableDisplay": false,
    "showPopup": true,
    "announceToChat": true,
    "hideIfNotCompleted": true,
    "rewardLoot": [],
    "rewardRecipes": [],
    "rewardFunction": "No function",
    "rewardXP": 0,
    "achievementType": "goal",
    "parent": {
      "value": "CUSTOM:FromBelow"
    },
    "triggerxml": "<xml xmlns=\"https://developers.google.com/blockly/xml\"><block type=\"custom_trigger\" x=\"41\" y=\"77\"><next><block type=\"advancement_trigger\" deletable=\"false\"></block></next></block></xml>"
  }
}