{
  "_fv": 47,
  "_type": "recipe",
  "definition": {
    "recipeType": "Crafting",
    "recipeRetstackSize": 1,
    "group": "",
    "cookingBookCategory": "MISC",
    "xpReward": 0.0,
    "cookingTime": 200,
    "craftingBookCategory": "MISC",
    "recipeShapeless": false,
    "recipeSlots": [
      {
        "value": "CUSTOM:SecurityPass2"
      },
      {
        "value": "CUSTOM:PowerClamp"
      },
      {
        "value": "CUSTOM:NeosteelIngot"
      },
      {
        "value": "CUSTOM:TitaniumMetalloy"
      },
      {
        "value": "CUSTOM:IoniteBar"
      },
      {
        "value": ""
      },
      {
        "value": ""
      },
      {
        "value": ""
      },
      {
        "value": ""
      }
    ],
    "recipeReturnStack": {
      "value": "CUSTOM:SecurityPass3"
    },
    "name": "security_bypass_3_r",
    "namespace": "mod"
  }
}