{
  "_fv": 47,
  "_type": "achievement",
  "definition": {
    "achievementName": "Technology must Grow",
    "achievementDescription": "Craft and place PrintTech table and trade with new villager",
    "achievementIcon": {
      "value": "CUSTOM:PrintTech"
    },
    "background": "Default",
    "disableDisplay": false,
    "showPopup": true,
    "announceToChat": true,
    "hideIfNotCompleted": false,
    "rewardLoot": [],
    "rewardRecipes": [],
    "rewardFunction": "No function",
    "rewardXP": 0,
    "achievementType": "task",
    "parent": {
      "value": "CUSTOM:AngryAdv"
    },
    "triggerxml": "<xml xmlns=\"https://developers.google.com/blockly/xml\"><block type=\"block_placed\" x=\"48\" y=\"42\"><value name=\"block\"><block type=\"mcitem_allblocks\"><field name=\"value\">CUSTOM:PrintTech</field></block></value><next><block type=\"advancement_trigger\" deletable=\"false\"></block></next></block></xml>"
  }
}