{
  "_fv": 47,
  "_type": "recipe",
  "definition": {
    "recipeType": "Brewing",
    "recipeRetstackSize": 1,
    "group": "",
    "cookingBookCategory": "MISC",
    "xpReward": 0.0,
    "cookingTime": 200,
    "craftingBookCategory": "MISC",
    "recipeShapeless": false,
    "brewingInputStack": {
      "value": "POTION:HEALING"
    },
    "brewingIngredientStack": {
      "value": "CUSTOM:DruidsFlower"
    },
    "brewingReturnStack": {
      "value": "POTION:CUSTOM:UltraHealPotion"
    },
    "name": "ultra_heal_r",
    "namespace": "mod"
  }
}