{
  "_fv": 47,
  "_type": "tool",
  "definition": {
    "toolType": "Sword",
    "renderType": 0,
    "texture": "venom_knife",
    "customModelName": "Normal",
    "name": "§2Venom Knife",
    "specialInfo": [
      "§aDeal 30% of max health as True Damage.",
      "§cDeal 40 damage when entity below 20% health"
    ],
    "creativeTab": {
      "value": "CUSTOM:LDTools"
    },
    "harvestLevel": 1,
    "efficiency": 4.0,
    "attackSpeed": 1.0,
    "enchantability": 2,
    "damageVsEntity": 38.0,
    "usageCount": 0,
    "blocksAffected": [],
    "hasGlow": false,
    "repairItems": [],
    "immuneToFire": true,
    "stayInGridWhenCrafting": false,
    "damageOnCrafting": false,
    "onEntityHitWith": {
      "name": "VenomKnifeLivingEntityIsHitWithTool"
    }
  }
}