{
  "_fv": 47,
  "_type": "achievement",
  "definition": {
    "achievementName": "Cosmic Technology",
    "achievementDescription": "Craft and place Alloy Workstation",
    "achievementIcon": {
      "value": "CUSTOM:Workstation2"
    },
    "background": "Default",
    "disableDisplay": false,
    "showPopup": true,
    "announceToChat": true,
    "hideIfNotCompleted": false,
    "rewardLoot": [],
    "rewardRecipes": [],
    "rewardFunction": "No function",
    "rewardXP": 0,
    "achievementType": "goal",
    "parent": {
      "value": "CUSTOM:W1Adv"
    },
    "triggerxml": "<xml xmlns=\"https://developers.google.com/blockly/xml\"><block type=\"block_placed\" x=\"47\" y=\"17\"><value name=\"block\"><block type=\"mcitem_allblocks\"><field name=\"value\">CUSTOM:Workstation2</field></block></value><next><block type=\"advancement_trigger\" deletable=\"false\"></block></next></block></xml>"
  }
}