{
  "_fv": 47,
  "_type": "block",
  "definition": {
    "texture": "workstation4_icon",
    "textureTop": "",
    "textureLeft": "",
    "textureFront": "",
    "textureRight": "",
    "textureBack": "",
    "renderType": 2,
    "customModelName": "workstation4:default",
    "rotationMode": 1,
    "enablePitch": false,
    "emissiveRendering": false,
    "displayFluidOverlay": false,
    "itemTexture": "",
    "particleTexture": "",
    "tintType": "No tint",
    "isItemTinted": false,
    "hasTransparency": true,
    "connectedSides": false,
    "transparencyType": "CUTOUT_MIPPED",
    "disableOffset": true,
    "boundingBoxes": [
      {
        "mx": -15.0,
        "my": 0.0,
        "mz": 0.0,
        "Mx": 29.0,
        "My": 12.1,
        "Mz": 14.0,
        "subtract": false
      },
      {
        "mx": -15.1,
        "my": 15.0,
        "mz": 13.8,
        "Mx": 31.1,
        "My": 17.0,
        "Mz": 16.2,
        "subtract": false
      }
    ],
    "name": "Alloy Workbench",
    "specialInfo": [],
    "hardness": 6.0,
    "resistance": 12.0,
    "hasGravity": false,
    "isWaterloggable": false,
    "creativeTab": {
      "value": "CUSTOM:LDMain"
    },
    "destroyTool": "pickaxe",
    "customDrop": {
      "value": ""
    },
    "dropAmount": 1,
    "useLootTableForDrops": false,
    "requiresCorrectTool": false,
    "enchantPowerBonus": 0.0,
    "plantsGrowOn": false,
    "canRedstoneConnect": false,
    "lightOpacity": 0,
    "material": {
      "value": "IRON"
    },
    "tickRate": 1,
    "tickRandomly": false,
    "isReplaceable": false,
    "canProvidePower": false,
    "emittedRedstonePower": {
      "fixedValue": 15.0
    },
    "colorOnMap": "DEFAULT",
    "creativePickItem": {
      "value": ""
    },
    "offsetType": "NONE",
    "aiPathNodeType": "BLOCKED",
    "flammability": 0,
    "fireSpreadSpeed": 0,
    "isLadder": false,
    "slipperiness": 0.6,
    "speedFactor": 1.0,
    "jumpFactor": 1.0,
    "reactionToPushing": "BLOCK",
    "isNotColidable": false,
    "isCustomSoundType": false,
    "soundOnStep": {
      "value": "METAL"
    },
    "breakSound": {
      "value": ""
    },
    "fallSound": {
      "value": ""
    },
    "hitSound": {
      "value": ""
    },
    "placeSound": {
      "value": ""
    },
    "stepSound": {
      "value": ""
    },
    "luminance": 0,
    "unbreakable": false,
    "breakHarvestLevel": 2,
    "isBonemealable": false,
    "hasInventory": true,
    "guiBoundTo": "WSGUI2",
    "openGUIOnRightClick": true,
    "inventorySize": 8,
    "inventoryStackSize": 64,
    "inventoryDropWhenDestroyed": false,
    "inventoryComparatorPower": true,
    "inventoryOutSlotIDs": [
      0
    ],
    "inventoryInSlotIDs": [
      1,
      2,
      3,
      4,
      5,
      6,
      7
    ],
    "hasEnergyStorage": true,
    "energyInitial": 0,
    "energyCapacity": 20000,
    "energyMaxReceive": 1000,
    "energyMaxExtract": 5000,
    "isFluidTank": false,
    "fluidCapacity": 8000,
    "fluidRestrictions": [],
    "onTickUpdate": {
      "name": "Workstation2UpdateTick"
    },
    "spawnWorldTypes": [],
    "restrictionBiomes": [],
    "blocksToReplace": [],
    "generationShape": "UNIFORM",
    "frequencyPerChunks": 10,
    "frequencyOnChunk": 16,
    "minGenerateHeight": 0,
    "maxGenerateHeight": 64
  }
}