{
  "_fv": 47,
  "_type": "recipe",
  "definition": {
    "recipeType": "Crafting",
    "recipeRetstackSize": 1,
    "group": "",
    "cookingBookCategory": "MISC",
    "xpReward": 0.0,
    "cookingTime": 200,
    "craftingBookCategory": "MISC",
    "recipeShapeless": false,
    "recipeSlots": [
      {
        "value": "CUSTOM:DualPowerAssembly"
      },
      {
        "value": "CUSTOM:WorkbenchGrid"
      },
      {
        "value": "CUSTOM:DualPowerAssembly"
      },
      {
        "value": "CUSTOM:CorrosiveTear"
      },
      {
        "value": "CUSTOM:PowerCore"
      },
      {
        "value": "CUSTOM:CorrosiveTear"
      },
      {
        "value": "CUSTOM:AdvancedMechanicalParts"
      },
      {
        "value": "CUSTOM:AdvancedElectronicParts"
      },
      {
        "value": "CUSTOM:AdvancedConstructionParts"
      }
    ],
    "recipeReturnStack": {
      "value": "CUSTOM:Workstation2"
    },
    "name": "workstation_2_r",
    "namespace": "mod"
  }
}