{
	"name": "Dimensions",
	"icon": "lostdepths:voidcutmetalblockbrick",
	"category": "lostdepths:dimensions",
	"read_by_default": true,
	"pages": [
		{
			"type": "spotlight",
			"item": "lostdepths:deepslate",
			"link_recipe": true,
			"title": "Deepslate",
			"text": "Location below bedrock, this rock is a bit more harder than Stone, but also work as part of basic recipe.$(br2)You can enter this dimension by right clicking Quantum Transporter."
		},
		{
			"type": "crafting",
			"recipe": "lostdepths:quantum_transporter_r",
			"title": "Quantum Transporter",
			"text": "This device is same as nether portal, instead there you have to right click on it with hand or special item to choose where you teleport, your overworld location will be temporary stored in teleporter's buffer."
		},
		{
			"type": "text",
			"text": "So if you use same block on the other side, it will teleport you back on your last position near teleporter.$(br2)Make sure you take your personal transporter to the dimension, because there can be missing for quantum reasons."
		},
		{
			"type": "empty"
		},
		{
			"type": "spotlight",
			"item": "lostdepths:deepslate",
			"title": "Deepslate Dimension",
			"text": "This world is very dark and only usual hostile mobs are standard spiders. You can also find lava here.$(br)Important part are resources in this location, you can find few ancient structures and a lot of Mirarium ores. There is also a lot of blocks with power crystals, so you don't need to farm them using $(9)Power Crystalizer$() or villager trade."
		},
		{
			"type": "image",
			"images": ["lostdepths:textures/gui/deepslate_dim.png"],
			"text": "$(8)By: Atlas Personal$()"
		},
		{
			"type": "spotlight",
			"item": "lostdepths:fire_star_rock",
			"title": "Pimal Planet",
			"text": "This location is somewhere in different solar system with very strong star, all planets including this one are dangerous. This planet is the most safe one from those in the system. You can warp there using $(9)Nightmare Pickaxe$() or $(9)Forgefire Pickaxe$() on $(9)Quantum Transporter$()."
		},
		{
			"type": "image",
			"images": ["lostdepths:textures/gui/fire_dim.png"],
			"text": "$(8)By: Atlas Personal$()"
		},
		{
			"type": "text",
			"text": "This planet contains few new ores and resources. Ores:$(li)Firerite$(li)Morfamium$()$(br2)Resources:$(li)Metal Branch$(li)Sunder Log$()"
		},
		{
			"type": "spotlight",
			"item": "lostdepths:fire_star_rock",
			"title": "Asteroid Belt",
			"text": "Farest location from middle of ancient solar system. Good thing there is no solar risk so you can enter even without helmet, but you will need something for breathing in vacuum. You can warp there using $(9)Gravity Rocket$() on $(9)Quantum Transporter$()."
		},
		{
			"type": "image",
			"images": ["lostdepths:textures/gui/asteroid_belt.png"],
			"text": "$(8)By: Atlas Satellite S-09$()$(br)Data corrupted"
		},
		{
			"type": "text",
			"text": "This is asteroid belt where you can find rare minerals and fragile minerals. Ores:$(li)Melworium$(li)WIP$()$(br2)Resources:$(li)WIP$()$(br2)Enemies:$(li)WIP$()"
		}
	]
}