{
	"name": "Master Anvil",
	"icon": "lostdepths:master_anvil",
	"category": "lostdepths:workstations",
	"pages": [
		{
			"type": "spotlight",
			"item": "lostdepths:master_anvil",
			"link_recipe": true,
			"title": "Master Anvil",
			"text": "Upgraded anvil where you can convert some materials into more advanced ones. To operate this anvil, you will need two materials: $(9)Mirarium ingot$() and $(9)Power Crystal$(). There is also one more slot for conversion item. You will learn about this in future pages."
		},
		{
			"type": "crafting",
			"recipe": "lostdepths:master_anvil_r"
		},
		{
			"type": "spotlight",
			"item": "lostdepths:voidcut_metal",
			"link_recipe": true,
			"title": "Voidcut Metal",
			"text": "Basic material, you can get it in conversion process by inputing standard $(9)Iron Ingot$() into Master Anvil."
		},
		{
			"type": "spotlight",
			"item": "lostdepths:master_cut_diamond",
			"link_recipe": true,
			"title": "Master-Cut Diamond",
			"text": "Basic material, you can get it in conversion process by inputing standard $(9)Diamond$() into Master Anvil."
		},
		{
			"type": "spotlight",
			"item": "minecraft:sea_lantern",
			"link_recipe": true,
			"title": "Sea Lantern",
			"text": "This is just alternative how to get use of conversion process. Input $(9)Glowstone$() into Master Anvil."
		}
	]
}