{
	"name": "Chemistry: Solutions",
	"icon": "lostdepths:magma_solution",
	"category": "lostdepths:alchemy",
	"read_by_default": true,
	"pages": [
		{
			"type": "spotlight",
			"item": "lostdepths:magma_solution",
			"anchor": "magma_solution",
			"link_recipe": true,
			"title": "Magma Solution",
			"text": "Basic chemical which you can use in few recipes.$(br)You can craft it in brewing stand using $(9)Magma Compound$() and any water bottle."
		},
		{
			"type": "spotlight",
			"item": "lostdepths:acidic_solution",
			"anchor": "acidic_solution",
			"link_recipe": true,
			"title": "Acidic Solution",
			"text": "Pure extract of ancient acid.$(br)Useful in advanced recipes and for crafting $(9)Gigacharge Solution$() or $(9)Dual Power Assembly$()."
		},
		{
			"type": "spotlight",
			"item": "lostdepths:madrigen_solution",
			"anchor": "madrigen_solution",
			"link_recipe": true,
			"title": "Madrigen Solution",
			"text": "Mix of $(9)Magma Solution$(), $(9)Ghostly Redstone$() and $(9)Mirarium Dust$(). Could be very unstable. $(4)$(l)DO NOT DRINK IT$()!"
		},
		{
			"type": "spotlight",
			"item": "lostdepths:enderform_solution",
			"anchor": "enderform_solution",
			"link_recipe": true,
			"title": "Enderform Solution",
			"text": "Extract from Acidic Pearl.$(br)You can craft it in brewing stand using $(9)Acidic Pearl$() and any water bottle."
		},
		{
			"type": "spotlight",
			"item": "lostdepths:unstable_solution",
			"anchor": "unstable_solution",
			"link_recipe": true,
			"title": "Unstable Solution",
			"text": "Advanced chemical which you can use in few recipes.$(br)You can craft it in brewing stand using $(9)Shifting Emerald$() and any water bottle."
		},
		{
			"type": "spotlight",
			"item": "lostdepths:dark_matter_solution",
			"anchor": "dark_matter_solution",
			"link_recipe": true,
			"title": "Dark-Matter Solution",
			"text": "Advanced chemical which you can use in few recipes.$(br)You can craft it in brewing stand using $(9)MasterCut Diamond$() and any water bottle."
		},
		{
			"type": "spotlight",
			"item": "lostdepths:voltage_solution",
			"anchor": "voltage_solution",
			"link_recipe": true,
			"title": "Voltage Solution",
			"text": "Advanced chemical which you can use in few recipes.$(br)You can craft it in brewing stand using $(9)Ion Crystal$() and any water bottle."
		}
	]
}