{
	"credit": "Made with Blockbench",
	"texture_size": [128, 128],
	"textures": {
		"1": "O:/minecraft_projects_assets/obj/titanium_chest2_open"
	},
	"elements": [
		{
			"from": [-7, 0, 0],
			"to": [23, 10, 16],
			"rotation": {"angle": 0, "axis": "y", "origin": [8, 0, 8]},
			"faces": {
				"north": {"uv": [0, 6.125, 3.75, 7.375], "texture": "#1"},
				"east": {"uv": [7.25, 4.25, 9.25, 5.5], "texture": "#1"},
				"south": {"uv": [3.875, 6.125, 7.625, 7.375], "texture": "#1"},
				"west": {"uv": [0, 7.5, 2, 8.75], "texture": "#1"},
				"up": {"uv": [3.75, 2, 0, 0], "texture": "#1"},
				"down": {"uv": [3.75, 2.125, 0, 4.125], "texture": "#1"}
			}
		},
		{
			"from": [-7, 11, 0],
			"to": [23, 12, 16],
			"rotation": {"angle": 0, "axis": "y", "origin": [8, 0, 8]},
			"faces": {
				"north": {"uv": [7.25, 5.625, 11, 5.75], "texture": "#1"},
				"east": {"uv": [7.75, 0, 9.75, 0.125], "texture": "#1"},
				"south": {"uv": [7.25, 5.875, 11, 6], "texture": "#1"},
				"west": {"uv": [7.75, 0.25, 9.75, 0.375], "texture": "#1"},
				"up": {"uv": [7.625, 2, 3.875, 0], "texture": "#1"},
				"down": {"uv": [7.625, 2.125, 3.875, 4.125], "texture": "#1"}
			}
		},
		{
			"from": [-6, 10, 1],
			"to": [22, 11, 15],
			"rotation": {"angle": 0, "axis": "y", "origin": [8, 0, 8]},
			"faces": {
				"north": {"uv": [2.125, 7.5, 5.625, 7.625], "texture": "#1"},
				"east": {"uv": [7.75, 0.5, 9.5, 0.625], "texture": "#1"},
				"south": {"uv": [5.75, 7.5, 9.25, 7.625], "texture": "#1"},
				"west": {"uv": [7.75, 0.75, 9.5, 0.875], "texture": "#1"},
				"up": {"uv": [3.5, 6, 0, 4.25], "texture": "#1"},
				"down": {"uv": [7.125, 4.25, 3.625, 6], "texture": "#1"}
			}
		},
		{
			"from": [-9, 8.5, 5],
			"to": [-8.25, 9.25, 11],
			"rotation": {"angle": 0, "axis": "y", "origin": [-14.45244, 8.875, 7.98483]},
			"faces": {
				"north": {"uv": [7.75, 7, 7.875, 7.125], "texture": "#1"},
				"east": {"uv": [7.75, 1, 8.5, 1.125], "texture": "#1"},
				"south": {"uv": [7.75, 7.25, 7.875, 7.375], "texture": "#1"},
				"west": {"uv": [7.75, 1.25, 8.5, 1.375], "texture": "#1"},
				"up": {"uv": [7.875, 2.25, 7.75, 1.5], "texture": "#1"},
				"down": {"uv": [2.25, 7.75, 2.125, 8.5], "texture": "#1"}
			}
		},
		{
			"from": [-8.27988, 8.5, 5.00628],
			"to": [-4.27988, 9.25, 5.75628],
			"rotation": {"angle": 0, "axis": "y", "origin": [-14.45244, 8.875, 7.98483]},
			"faces": {
				"north": {"uv": [3.5, 7.75, 4, 7.875], "texture": "#1"},
				"east": {"uv": [8, 1.5, 8.125, 1.625], "texture": "#1"},
				"south": {"uv": [7.75, 3.5, 8.25, 3.625], "texture": "#1"},
				"west": {"uv": [7.75, 7.75, 7.875, 7.875], "texture": "#1"},
				"up": {"uv": [4.25, 8.25, 4.125, 7.75], "rotation": 270, "texture": "#1"},
				"down": {"uv": [4.5, 7.75, 4.375, 8.25], "rotation": 90, "texture": "#1"}
			}
		},
		{
			"from": [-8.36199, 8.5, 10.21339],
			"to": [-4.36199, 9.25, 10.96339],
			"rotation": {"angle": 0, "axis": "y", "origin": [-14.45244, 8.875, 7.98483]},
			"faces": {
				"north": {"uv": [7.75, 3.75, 8.25, 3.875], "texture": "#1"},
				"east": {"uv": [8, 2, 8.125, 2.125], "texture": "#1"},
				"south": {"uv": [7.75, 4, 8.25, 4.125], "texture": "#1"},
				"west": {"uv": [8, 1.75, 8.125, 1.875], "texture": "#1"},
				"up": {"uv": [4.75, 8.25, 4.625, 7.75], "rotation": 270, "texture": "#1"},
				"down": {"uv": [5, 7.75, 4.875, 8.25], "rotation": 90, "texture": "#1"}
			}
		},
		{
			"from": [24.34512, 8.5, 4.96967],
			"to": [25.09512, 9.25, 10.96967],
			"rotation": {"angle": 0, "axis": "y", "origin": [5.54756, 16.875, 7.98483]},
			"faces": {
				"north": {"uv": [7.75, 7.25, 7.875, 7.375], "texture": "#1"},
				"east": {"uv": [7.75, 1.25, 8.5, 1.375], "texture": "#1"},
				"south": {"uv": [7.75, 7, 7.875, 7.125], "texture": "#1"},
				"west": {"uv": [7.75, 1, 8.5, 1.125], "texture": "#1"},
				"up": {"uv": [7.875, 2.25, 7.75, 1.5], "rotation": 180, "texture": "#1"},
				"down": {"uv": [2.25, 7.75, 2.125, 8.5], "rotation": 180, "texture": "#1"}
			}
		},
		{
			"from": [20.375, 8.5, 10.21339],
			"to": [24.375, 9.25, 10.96339],
			"rotation": {"angle": 0, "axis": "y", "origin": [5.54756, 16.875, 7.98483]},
			"faces": {
				"north": {"uv": [7.75, 3.5, 8.25, 3.625], "texture": "#1"},
				"east": {"uv": [7.75, 7.75, 7.875, 7.875], "texture": "#1"},
				"south": {"uv": [3.5, 7.75, 4, 7.875], "texture": "#1"},
				"west": {"uv": [8, 1.5, 8.125, 1.625], "texture": "#1"},
				"up": {"uv": [4.25, 8.25, 4.125, 7.75], "rotation": 90, "texture": "#1"},
				"down": {"uv": [4.5, 7.75, 4.375, 8.25], "rotation": 270, "texture": "#1"}
			}
		},
		{
			"from": [20.45711, 8.5, 5.00628],
			"to": [24.45711, 9.25, 5.75628],
			"rotation": {"angle": 0, "axis": "y", "origin": [5.54756, 16.875, 7.98483]},
			"faces": {
				"north": {"uv": [7.75, 4, 8.25, 4.125], "texture": "#1"},
				"east": {"uv": [8, 1.75, 8.125, 1.875], "texture": "#1"},
				"south": {"uv": [7.75, 3.75, 8.25, 3.875], "texture": "#1"},
				"west": {"uv": [8, 2, 8.125, 2.125], "texture": "#1"},
				"up": {"uv": [4.75, 8.25, 4.625, 7.75], "rotation": 90, "texture": "#1"},
				"down": {"uv": [5, 7.75, 4.875, 8.25], "rotation": 270, "texture": "#1"}
			}
		}
	],
	"display": {
		"thirdperson_righthand": {
			"translation": [0, -2.25, -0.75],
			"scale": [0.2, 0.2, 0.2]
		},
		"firstperson_righthand": {
			"translation": [-9.25, 2.75, 4.25],
			"scale": [0.5, 0.5, 0.5]
		},
		"ground": {
			"scale": [0.5, 0.5, 0.5]
		},
		"gui": {
			"rotation": [34.3, 47.12, 0.04],
			"translation": [0, 0.75, 0],
			"scale": [0.5, 0.5, 0.5]
		},
		"fixed": {
			"translation": [0, 0, -2],
			"scale": [0.5, 0.5, 0.5]
		}
	},
	"groups": [
		{
			"name": "core",
			"origin": [0, 9, 0],
			"color": 0,
			"nbt": "{}",
			"armAnimationEnabled": false,
			"children": [
				0,
				1,
				2,
				{
					"name": "handle",
					"origin": [0, 0, 0],
					"color": 0,
					"nbt": "{}",
					"armAnimationEnabled": false,
					"children": [3, 4, 5]
				},
				{
					"name": "handle2",
					"origin": [0, 0, 0],
					"color": 0,
					"nbt": "{}",
					"armAnimationEnabled": false,
					"children": [6, 7, 8]
				}
			]
		}
	]
}