{
  "type": "minecraft:crafting_shaped",
  "pattern": [
    "012",
    "345",
    "678"
  ],
  "key": {
    "0": {
      "tag": "minecraft:stone_bricks"
    },
    "1": {
      "tag": "minecraft:stone_bricks"
    },
    "2": {
      "tag": "minecraft:stone_bricks"
    },
    "3": {
      "tag": "minecraft:stone_bricks"
    },
    "4": {
      "item": "lostdepths:infused_iron"
    },
    "5": {
      "tag": "minecraft:stone_bricks"
    },
    "6": {
      "tag": "minecraft:stone_bricks"
    },
    "7": {
      "tag": "minecraft:stone_bricks"
    },
    "8": {
      "tag": "minecraft:stone_bricks"
    }
  },
  "result": {
    "item": "lostdepths:infused_iron_bricks",
    "count": 8
  }
}