{
	"name": "Chemistry: Chemicals",
	"icon": "lostdepths:magma_solution",
	"category": "lostdepths:alchemy",
	"read_by_default": true,
	"pages": [
		{
			"type": "spotlight",
			"item": "lostdepths:magma_compound",
			"anchor": "magma_compound",
			"link_recipe": true,
			"title": "Magma Compound",
			"text": "Basic solid chemical which you should use in brewing stand to make $(9)Magma Solution$()."
		},
		{
			"type": "crafting",
			"recipe": "lostdepths:magma_compound_r"
		},
		{
			"type": "spotlight",
			"item": "lostdepths:acidic_pearl",
			"title": "Acidic Pearl",
			"text": "Advanced resource for creating chemicals and for brewing $(9)Enderform Solution$()."
		},
		{
			"type": "text",
			"text": "recipe visual WIP$(br2)You can make it with Workstations Tier 1+."
		},
		{
			"type": "spotlight",
			"item": "lostdepths:empty_vessel",
			"title": "Empty Vessel",
			"text": "Container currently used only for creating $(9)Acid Vessel$()."
		},
		{
			"type": "crafting",
			"recipe": "lostdepths:upgrade_vessle_empty_r"
		}
	]
}