{
  "type": "minecraft:crafting_shaped",
  "pattern": [
    "012",
    "345",
    "678"
  ],
  "key": {
    "0": {
      "tag": "forge:stone"
    },
    "1": {
      "tag": "forge:stone"
    },
    "2": {
      "tag": "forge:stone"
    },
    "3": {
      "tag": "forge:stone"
    },
    "4": {
      "item": "lostdepths:infused_iron"
    },
    "5": {
      "tag": "forge:stone"
    },
    "6": {
      "tag": "forge:stone"
    },
    "7": {
      "tag": "forge:stone"
    },
    "8": {
      "tag": "forge:stone"
    }
  },
  "result": {
    "item": "lostdepths:factory_block",
    "count": 16
  }
}