{
  "credit": "Made with Blockbench",
  "texture_size": [
    32,
    32
  ],
  "elements": [
    {
      "from": [
        7.1875,
        -9,
        7.5625
      ],
      "to": [
        8.9375,
        -2,
        9.5625
      ],
      "rotation": {
        "angle": 0,
        "axis": "y",
        "origin": [
          8,
          8.75,
          8.5625
        ]
      },
      "faces": {
        "north": {
          "uv": [
            11.5,
            2,
            13.25,
            9
          ],
          "texture": "#4"
        },
        "east": {
          "uv": [
            14,
            2,
            16,
            9
          ],
          "texture": "#4"
        },
        "south": {
          "uv": [
            11.5,
            2,
            13.25,
            9
          ],
          "texture": "#4"
        },
        "west": {
          "uv": [
            14,
            2,
            16,
            9
          ],
          "texture": "#4"
        },
        "up": {
          "uv": [
            14,
            0,
            16,
            1.75
          ],
          "rotation": 270,
          "texture": "#3"
        },
        "down": {
          "uv": [
            14,
            0,
            16,
            1.75
          ],
          "rotation": 90,
          "texture": "#3"
        }
      }
    },
    {
      "from": [
        6.8125,
        -2,
        0.0625
      ],
      "to": [
        9.0625,
        0,
        17.0625
      ],
      "rotation": {
        "angle": 0,
        "axis": "y",
        "origin": [
          8,
          8.75,
          8.5625
        ]
      },
      "faces": {
        "north": {
          "uv": [
            0,
            9,
            2.5,
            11
          ],
          "texture": "#4"
        },
        "east": {
          "uv": [
            0,
            0,
            16,
            2
          ],
          "texture": "#4"
        },
        "south": {
          "uv": [
            0,
            9,
            2.5,
            11
          ],
          "texture": "#4"
        },
        "west": {
          "uv": [
            0,
            0,
            16,
            2
          ],
          "texture": "#4"
        },
        "up": {
          "uv": [
            0,
            9,
            2.5,
            11
          ],
          "rotation": 270,
          "texture": "#4"
        },
        "down": {
          "uv": [
            0,
            9,
            2.5,
            11
          ],
          "rotation": 90,
          "texture": "#4"
        }
      }
    },
    {
      "from": [
        6.8125,
        0,
        -0.9375
      ],
      "to": [
        9.0625,
        1,
        1.0625
      ],
      "rotation": {
        "angle": 0,
        "axis": "y",
        "origin": [
          8,
          8.75,
          8.5625
        ]
      },
      "faces": {
        "north": {
          "uv": [
            11.5,
            9,
            13.75,
            10
          ],
          "texture": "#4"
        },
        "east": {
          "uv": [
            0,
            15,
            2,
            16
          ],
          "texture": "#4"
        },
        "south": {
          "uv": [
            11.5,
            9,
            13.75,
            10
          ],
          "texture": "#4"
        },
        "west": {
          "uv": [
            0,
            15,
            2,
            16
          ],
          "texture": "#4"
        },
        "up": {
          "uv": [
            11.5,
            9,
            13.5,
            11.25
          ],
          "rotation": 270,
          "texture": "#4"
        },
        "down": {
          "uv": [
            11.5,
            9,
            13.5,
            11.25
          ],
          "rotation": 90,
          "texture": "#4"
        }
      }
    },
    {
      "from": [
        6.8125,
        1,
        -1.9375
      ],
      "to": [
        9.0625,
        2,
        0.0625
      ],
      "rotation": {
        "angle": 0,
        "axis": "y",
        "origin": [
          8,
          8.75,
          8.5625
        ]
      },
      "faces": {
        "north": {
          "uv": [
            11.5,
            9,
            13.75,
            10
          ],
          "texture": "#4"
        },
        "east": {
          "uv": [
            0,
            15,
            2,
            16
          ],
          "texture": "#4"
        },
        "south": {
          "uv": [
            11.5,
            9,
            13.75,
            10
          ],
          "texture": "#4"
        },
        "west": {
          "uv": [
            0,
            15,
            2,
            16
          ],
          "texture": "#4"
        },
        "up": {
          "uv": [
            9.5,
            9,
            11.5,
            11.25
          ],
          "rotation": 270,
          "texture": "#4"
        },
        "down": {
          "uv": [
            9.5,
            9,
            11.5,
            11.25
          ],
          "rotation": 90,
          "texture": "#4"
        }
      }
    },
    {
      "from": [
        6.8125,
        0,
        16.0625
      ],
      "to": [
        9.0625,
        1,
        18.0625
      ],
      "rotation": {
        "angle": 0,
        "axis": "y",
        "origin": [
          8,
          8.75,
          8.5625
        ]
      },
      "faces": {
        "north": {
          "uv": [
            13.75,
            9,
            16,
            10
          ],
          "texture": "#4"
        },
        "east": {
          "uv": [
            2,
            15,
            4,
            16
          ],
          "texture": "#4"
        },
        "south": {
          "uv": [
            13.75,
            9,
            16,
            10
          ],
          "texture": "#4"
        },
        "west": {
          "uv": [
            2,
            15,
            4,
            16
          ],
          "texture": "#4"
        },
        "up": {
          "uv": [
            9.5,
            9,
            11.5,
            11.25
          ],
          "rotation": 270,
          "texture": "#4"
        },
        "down": {
          "uv": [
            9.5,
            9,
            11.5,
            11.25
          ],
          "rotation": 90,
          "texture": "#4"
        }
      }
    },
    {
      "from": [
        6.8125,
        1,
        17.0625
      ],
      "to": [
        9.0625,
        2,
        19.0625
      ],
      "rotation": {
        "angle": 0,
        "axis": "y",
        "origin": [
          8,
          8.75,
          8.5625
        ]
      },
      "faces": {
        "north": {
          "uv": [
            13.75,
            9,
            16,
            10
          ],
          "texture": "#4"
        },
        "east": {
          "uv": [
            2,
            15,
            4,
            16
          ],
          "texture": "#4"
        },
        "south": {
          "uv": [
            13.75,
            9,
            16,
            10
          ],
          "texture": "#4"
        },
        "west": {
          "uv": [
            2,
            15,
            4,
            16
          ],
          "texture": "#4"
        },
        "up": {
          "uv": [
            9.5,
            9,
            11.5,
            11.25
          ],
          "rotation": 270,
          "texture": "#4"
        },
        "down": {
          "uv": [
            9.5,
            9,
            11.5,
            11.25
          ],
          "rotation": 90,
          "texture": "#4"
        }
      }
    },
    {
      "from": [
        7.6875,
        0,
        1.0625
      ],
      "to": [
        8.1875,
        13,
        6.0625
      ],
      "rotation": {
        "angle": 0,
        "axis": "y",
        "origin": [
          8,
          8.75,
          8.5625
        ]
      },
      "faces": {
        "north": {
          "uv": [
            0,
            0,
            0.5,
            16
          ],
          "texture": "#2"
        },
        "east": {
          "uv": [
            0,
            0,
            5,
            16
          ],
          "texture": "#2"
        },
        "south": {
          "uv": [
            0,
            0,
            0.5,
            16
          ],
          "texture": "#2"
        },
        "west": {
          "uv": [
            0,
            0,
            5,
            16
          ],
          "texture": "#2"
        },
        "up": {
          "uv": [
            0,
            0,
            5,
            0.5
          ],
          "rotation": 270,
          "texture": "#2"
        },
        "down": {
          "uv": [
            0,
            0,
            5,
            0.5
          ],
          "rotation": 90,
          "texture": "#2"
        }
      }
    },
    {
      "from": [
        7.6875,
        0,
        6.0625
      ],
      "to": [
        8.1875,
        13,
        11.0625
      ],
      "rotation": {
        "angle": 0,
        "axis": "y",
        "origin": [
          8,
          8.75,
          8.5625
        ]
      },
      "faces": {
        "north": {
          "uv": [
            5.5,
            7.5,
            8,
            8
          ],
          "texture": "#1"
        },
        "east": {
          "uv": [
            1,
            9.5,
            3.5,
            16
          ],
          "texture": "#1"
        },
        "south": {
          "uv": [
            5.5,
            7.5,
            8,
            8
          ],
          "texture": "#1"
        },
        "west": {
          "uv": [
            1,
            9.5,
            3.5,
            16
          ],
          "texture": "#1"
        },
        "up": {
          "uv": [
            5.5,
            7.5,
            8,
            8
          ],
          "rotation": 270,
          "texture": "#1"
        },
        "down": {
          "uv": [
            5.5,
            7.5,
            8,
            8
          ],
          "rotation": 90,
          "texture": "#1"
        }
      }
    },
    {
      "from": [
        7.6875,
        13,
        0.0625
      ],
      "to": [
        8.1875,
        14,
        6.0625
      ],
      "rotation": {
        "angle": 0,
        "axis": "y",
        "origin": [
          8,
          8.75,
          8.5625
        ]
      },
      "faces": {
        "north": {
          "uv": [
            0,
            0,
            0.5,
            1
          ],
          "texture": "#2"
        },
        "east": {
          "uv": [
            10,
            1,
            16,
            0
          ],
          "texture": "#2"
        },
        "south": {
          "uv": [
            0,
            0,
            0.5,
            1
          ],
          "texture": "#2"
        },
        "west": {
          "uv": [
            10,
            0,
            16,
            1
          ],
          "texture": "#2"
        },
        "up": {
          "uv": [
            15,
            1.5,
            16,
            2
          ],
          "rotation": 270,
          "texture": "#2"
        },
        "down": {
          "uv": [
            15,
            1.5,
            16,
            2
          ],
          "rotation": 90,
          "texture": "#2"
        }
      }
    },
    {
      "from": [
        7.6875,
        0,
        11.0625
      ],
      "to": [
        8.1875,
        13,
        16.0625
      ],
      "rotation": {
        "angle": 0,
        "axis": "y",
        "origin": [
          8,
          8.75,
          8.5625
        ]
      },
      "faces": {
        "north": {
          "uv": [
            0.5,
            0,
            0,
            16
          ],
          "texture": "#2"
        },
        "east": {
          "uv": [
            5,
            0,
            0,
            16
          ],
          "texture": "#2"
        },
        "south": {
          "uv": [
            0.5,
            0,
            0,
            16
          ],
          "texture": "#2"
        },
        "west": {
          "uv": [
            10,
            0,
            5,
            16
          ],
          "texture": "#2"
        },
        "up": {
          "uv": [
            5,
            0,
            0,
            0.5
          ],
          "rotation": 270,
          "texture": "#2"
        },
        "down": {
          "uv": [
            5,
            0,
            0,
            0.5
          ],
          "rotation": 90,
          "texture": "#2"
        }
      }
    },
    {
      "from": [
        7.6875,
        14,
        12.0625
      ],
      "to": [
        8.1875,
        32,
        17.0625
      ],
      "rotation": {
        "angle": 0,
        "axis": "y",
        "origin": [
          8,
          8.75,
          8.5625
        ]
      },
      "faces": {
        "north": {
          "uv": [
            0.5,
            0,
            1,
            16
          ],
          "texture": "#2"
        },
        "east": {
          "uv": [
            10.5,
            4,
            15.5,
            16
          ],
          "texture": "#2"
        },
        "south": {
          "uv": [
            0.5,
            0,
            1,
            16
          ],
          "texture": "#2"
        },
        "west": {
          "uv": [
            10.5,
            4,
            15.5,
            16
          ],
          "texture": "#2"
        },
        "up": {
          "uv": [
            15,
            1.5,
            16,
            2
          ],
          "rotation": 270,
          "texture": "#2"
        },
        "down": {
          "uv": [
            15,
            1.5,
            16,
            2
          ],
          "rotation": 90,
          "texture": "#2"
        }
      }
    },
    {
      "from": [
        7.6875,
        14,
        11.0625
      ],
      "to": [
        8.1875,
        32,
        12.0625
      ],
      "rotation": {
        "angle": 0,
        "axis": "y",
        "origin": [
          8,
          8.75,
          8.5625
        ]
      },
      "faces": {
        "north": {
          "uv": [
            0,
            0,
            1,
            12
          ],
          "texture": "#3"
        },
        "east": {
          "uv": [
            0,
            0,
            1,
            12
          ],
          "texture": "#3"
        },
        "south": {
          "uv": [
            0,
            0,
            1,
            12
          ],
          "texture": "#3"
        },
        "west": {
          "uv": [
            0,
            0,
            1,
            12
          ],
          "texture": "#3"
        },
        "up": {
          "uv": [
            0,
            0,
            1,
            12
          ],
          "rotation": 270,
          "texture": "#3"
        },
        "down": {
          "uv": [
            0,
            0,
            1,
            12
          ],
          "rotation": 90,
          "texture": "#3"
        }
      }
    },
    {
      "from": [
        7.6875,
        14,
        0.0625
      ],
      "to": [
        8.1875,
        32,
        5.0625
      ],
      "rotation": {
        "angle": 0,
        "axis": "y",
        "origin": [
          8,
          8.75,
          8.5625
        ]
      },
      "faces": {
        "north": {
          "uv": [
            1,
            0,
            0.5,
            16
          ],
          "texture": "#2"
        },
        "east": {
          "uv": [
            15.5,
            4,
            10.5,
            16
          ],
          "texture": "#2"
        },
        "south": {
          "uv": [
            1,
            0,
            0.5,
            16
          ],
          "texture": "#2"
        },
        "west": {
          "uv": [
            15.5,
            4,
            10.5,
            16
          ],
          "texture": "#2"
        },
        "up": {
          "uv": [
            16,
            1.5,
            15,
            2
          ],
          "rotation": 270,
          "texture": "#2"
        },
        "down": {
          "uv": [
            16,
            1.5,
            15,
            2
          ],
          "rotation": 90,
          "texture": "#2"
        }
      }
    },
    {
      "from": [
        7.6875,
        14,
        5.0625
      ],
      "to": [
        8.1875,
        32,
        6.0625
      ],
      "rotation": {
        "angle": 0,
        "axis": "y",
        "origin": [
          8,
          8.75,
          8.5625
        ]
      },
      "faces": {
        "north": {
          "uv": [
            1,
            0,
            0,
            12
          ],
          "texture": "#3"
        },
        "east": {
          "uv": [
            1,
            0,
            0,
            12
          ],
          "texture": "#3"
        },
        "south": {
          "uv": [
            1,
            0,
            0,
            12
          ],
          "texture": "#3"
        },
        "west": {
          "uv": [
            1,
            0,
            0,
            12
          ],
          "texture": "#3"
        },
        "up": {
          "uv": [
            1,
            0,
            0,
            12
          ],
          "rotation": 270,
          "texture": "#3"
        },
        "down": {
          "uv": [
            1,
            0,
            0,
            12
          ],
          "rotation": 90,
          "texture": "#3"
        }
      }
    },
    {
      "from": [
        7.6875,
        13,
        11.0625
      ],
      "to": [
        8.1875,
        14,
        17.0625
      ],
      "rotation": {
        "angle": 0,
        "axis": "y",
        "origin": [
          8,
          8.75,
          8.5625
        ]
      },
      "faces": {
        "north": {
          "uv": [
            0.5,
            0,
            1,
            1
          ],
          "texture": "#2"
        },
        "east": {
          "uv": [
            10,
            2,
            16,
            1
          ],
          "texture": "#2"
        },
        "south": {
          "uv": [
            0.5,
            0,
            1,
            1
          ],
          "texture": "#2"
        },
        "west": {
          "uv": [
            10,
            1,
            16,
            2
          ],
          "texture": "#2"
        },
        "up": {
          "uv": [
            15,
            1.5,
            16,
            2
          ],
          "rotation": 270,
          "texture": "#2"
        },
        "down": {
          "uv": [
            15,
            1.5,
            16,
            2
          ],
          "rotation": 90,
          "texture": "#2"
        }
      }
    }
  ],
  "display": {
    "thirdperson_righthand": {
      "translation": [
        0,
        13.75,
        1
      ],
      "scale": [
        1,
        1,
        0.6
      ]
    },
    "firstperson_righthand": {
      "translation": [
        0,
        8,
        0
      ],
      "scale": [
        1,
        1,
        0.6
      ]
    },
    "ground": {
      "translation": [
        0,
        13,
        0
      ],
      "scale": [
        1,
        1,
        0.5
      ]
    },
    "gui": {
      "rotation": [
        90,
        45,
        -90
      ],
      "translation": [
        -1.5,
        -1.25,
        0
      ],
      "scale": [
        1,
        0.5,
        0.25
      ]
    },
    "fixed": {
      "rotation": [
        -90,
        46.25,
        90
      ],
      "translation": [
        0,
        -1.5,
        -0.75
      ],
      "scale": [
        1,
        0.5,
        0.25
      ]
    }
  },
  "groups": [
    {
      "name": "handle",
      "origin": [
        8,
        8,
        8
      ],
      "color": 0,
      "children": [
        0,
        1,
        2,
        3,
        4,
        5
      ]
    },
    {
      "name": "blade",
      "origin": [
        0,
        0,
        0
      ],
      "color": 0,
      "children": [
        6,
        7,
        8,
        9,
        10,
        11,
        12,
        13,
        14
      ]
    }
  ]
}