{
  "texture_size": [
    64,
    64
  ],
  "elements": [
    {
      "from": [
        1,
        0,
        1
      ],
      "to": [
        15,
        2,
        15
      ],
      "rotation": {
        "angle": 0,
        "axis": "y",
        "origin": [
          8,
          5.27899,
          8
        ]
      },
      "faces": {
        "north": {
          "uv": [
            6.5,
            6.5,
            10,
            7
          ],
          "texture": "#0"
        },
        "east": {
          "uv": [
            0,
            7,
            3.5,
            7.5
          ],
          "texture": "#0"
        },
        "south": {
          "uv": [
            6.5,
            7,
            10,
            7.5
          ],
          "texture": "#0"
        },
        "west": {
          "uv": [
            0,
            7.5,
            3.5,
            8
          ],
          "texture": "#0"
        },
        "up": {
          "uv": [
            3.5,
            3.5,
            0,
            0
          ],
          "texture": "#0"
        },
        "down": {
          "uv": [
            3.5,
            3.5,
            0,
            7
          ],
          "texture": "#0"
        }
      }
    },
    {
      "from": [
        4,
        2,
        10
      ],
      "to": [
        12,
        8.5,
        13
      ],
      "rotation": {
        "angle": 0,
        "axis": "y",
        "origin": [
          8,
          5.27899,
          8
        ]
      },
      "faces": {
        "north": {
          "uv": [
            6.5,
            0,
            8.5,
            1.625
          ],
          "texture": "#0"
        },
        "east": {
          "uv": [
            6,
            8.75,
            6.75,
            10.375
          ],
          "texture": "#0"
        },
        "south": {
          "uv": [
            6.5,
            1.75,
            8.5,
            3.375
          ],
          "texture": "#0"
        },
        "west": {
          "uv": [
            6.75,
            8.75,
            7.5,
            10.375
          ],
          "texture": "#0"
        },
        "up": {
          "uv": [
            5.5,
            8.25,
            3.5,
            7.5
          ],
          "texture": "#0"
        },
        "down": {
          "uv": [
            7.5,
            7.5,
            5.5,
            8.25
          ],
          "texture": "#0"
        }
      }
    },
    {
      "from": [
        4,
        4.5,
        4.75
      ],
      "to": [
        12,
        5.75,
        7.75
      ],
      "rotation": {
        "angle": 0,
        "axis": "y",
        "origin": [
          8,
          5.27899,
          8
        ]
      },
      "faces": {
        "north": {
          "uv": [
            9.75,
            4.25,
            11.75,
            4.5625
          ],
          "texture": "#0"
        },
        "east": {
          "uv": [
            2,
            10.75,
            2.75,
            11.0625
          ],
          "texture": "#0"
        },
        "south": {
          "uv": [
            9.75,
            4.75,
            11.75,
            5.0625
          ],
          "texture": "#0"
        },
        "west": {
          "uv": [
            2.75,
            10.75,
            3.5,
            11.0625
          ],
          "texture": "#0"
        },
        "up": {
          "uv": [
            9.5,
            8.25,
            7.5,
            7.5
          ],
          "texture": "#0"
        },
        "down": {
          "uv": [
            2,
            8,
            0,
            8.75
          ],
          "texture": "#0"
        }
      }
    },
    {
      "from": [
        9,
        2,
        3.5
      ],
      "to": [
        13,
        4.5,
        9
      ],
      "rotation": {
        "angle": 0,
        "axis": "y",
        "origin": [
          8,
          5.27899,
          8
        ]
      },
      "faces": {
        "north": {
          "uv": [
            9.75,
            5.25,
            10.75,
            5.875
          ],
          "texture": "#0"
        },
        "east": {
          "uv": [
            9.5,
            7.5,
            10.875,
            8.125
          ],
          "texture": "#0"
        },
        "south": {
          "uv": [
            10,
            6,
            11,
            6.625
          ],
          "texture": "#0"
        },
        "west": {
          "uv": [
            9.5,
            8.75,
            10.875,
            9.375
          ],
          "texture": "#0"
        },
        "up": {
          "uv": [
            1,
            10.125,
            0,
            8.75
          ],
          "texture": "#0"
        },
        "down": {
          "uv": [
            2,
            8.75,
            1,
            10.125
          ],
          "texture": "#0"
        }
      }
    },
    {
      "from": [
        3,
        2,
        3.5
      ],
      "to": [
        7,
        4.5,
        9
      ],
      "rotation": {
        "angle": 0,
        "axis": "y",
        "origin": [
          8,
          5.27899,
          8
        ]
      },
      "faces": {
        "north": {
          "uv": [
            10,
            6.75,
            11,
            7.375
          ],
          "texture": "#0"
        },
        "east": {
          "uv": [
            9.5,
            9.5,
            10.875,
            10.125
          ],
          "texture": "#0"
        },
        "south": {
          "uv": [
            0,
            10.25,
            1,
            10.875
          ],
          "texture": "#0"
        },
        "west": {
          "uv": [
            9.75,
            3.5,
            11.125,
            4.125
          ],
          "texture": "#0"
        },
        "up": {
          "uv": [
            3,
            10.125,
            2,
            8.75
          ],
          "texture": "#0"
        },
        "down": {
          "uv": [
            4,
            8.75,
            3,
            10.125
          ],
          "texture": "#0"
        }
      }
    },
    {
      "from": [
        2,
        7.68297,
        1.46088
      ],
      "to": [
        14,
        9.68297,
        11.46088
      ],
      "rotation": {
        "angle": 0,
        "axis": "y",
        "origin": [
          8,
          5.27899,
          8
        ]
      },
      "faces": {
        "north": {
          "uv": [
            2,
            8.25,
            5,
            8.75
          ],
          "texture": "#0"
        },
        "east": {
          "uv": [
            8.5,
            2.5,
            11,
            3
          ],
          "texture": "#0"
        },
        "south": {
          "uv": [
            5,
            8.25,
            8,
            8.75
          ],
          "texture": "#0"
        },
        "west": {
          "uv": [
            8.5,
            3,
            11,
            3.5
          ],
          "texture": "#0"
        },
        "up": {
          "uv": [
            6.5,
            2.5,
            3.5,
            0
          ],
          "texture": "#0"
        },
        "down": {
          "uv": [
            6.5,
            2.5,
            3.5,
            5
          ],
          "texture": "#0"
        }
      }
    },
    {
      "from": [
        2,
        6.17556,
        12.11741
      ],
      "to": [
        14,
        8.17556,
        16.61741
      ],
      "rotation": {
        "angle": -22.5,
        "axis": "x",
        "origin": [
          8,
          5.27899,
          8
        ]
      },
      "faces": {
        "north": {
          "uv": [
            8,
            8.25,
            11,
            8.75
          ],
          "texture": "#0"
        },
        "east": {
          "uv": [
            1,
            10.25,
            2.125,
            10.75
          ],
          "texture": "#0"
        },
        "south": {
          "uv": [
            8.5,
            0,
            11.5,
            0.5
          ],
          "texture": "#0"
        },
        "west": {
          "uv": [
            2.25,
            10.25,
            3.375,
            10.75
          ],
          "texture": "#0"
        },
        "up": {
          "uv": [
            6.5,
            6.125,
            3.5,
            5
          ],
          "texture": "#0"
        },
        "down": {
          "uv": [
            6.5,
            6.25,
            3.5,
            7.375
          ],
          "texture": "#0"
        }
      }
    },
    {
      "from": [
        13,
        2,
        1
      ],
      "to": [
        15,
        10.25,
        3
      ],
      "rotation": {
        "angle": 0,
        "axis": "y",
        "origin": [
          8,
          5.27899,
          8
        ]
      },
      "faces": {
        "north": {
          "uv": [
            7.5,
            8.75,
            8,
            10.8125
          ],
          "texture": "#0"
        },
        "east": {
          "uv": [
            8,
            8.75,
            8.5,
            10.8125
          ],
          "texture": "#0"
        },
        "south": {
          "uv": [
            8.5,
            8.75,
            9,
            10.8125
          ],
          "texture": "#0"
        },
        "west": {
          "uv": [
            9,
            8.75,
            9.5,
            10.8125
          ],
          "texture": "#0"
        },
        "up": {
          "uv": [
            7,
            11,
            6.5,
            10.5
          ],
          "texture": "#0"
        },
        "down": {
          "uv": [
            7.5,
            10.5,
            7,
            11
          ],
          "texture": "#0"
        }
      }
    },
    {
      "from": [
        13,
        2,
        13
      ],
      "to": [
        15,
        12.5,
        15
      ],
      "rotation": {
        "angle": 0,
        "axis": "y",
        "origin": [
          8,
          5.27899,
          8
        ]
      },
      "faces": {
        "north": {
          "uv": [
            4,
            8.75,
            4.5,
            11.375
          ],
          "texture": "#0"
        },
        "east": {
          "uv": [
            4.5,
            8.75,
            5,
            11.375
          ],
          "texture": "#0"
        },
        "south": {
          "uv": [
            5,
            8.75,
            5.5,
            11.375
          ],
          "texture": "#0"
        },
        "west": {
          "uv": [
            5.5,
            8.75,
            6,
            11.375
          ],
          "texture": "#0"
        },
        "up": {
          "uv": [
            1.5,
            11.25,
            1,
            10.75
          ],
          "texture": "#0"
        },
        "down": {
          "uv": [
            2,
            10.75,
            1.5,
            11.25
          ],
          "texture": "#0"
        }
      }
    },
    {
      "from": [
        1,
        2,
        13
      ],
      "to": [
        3,
        12.5,
        15
      ],
      "rotation": {
        "angle": 0,
        "axis": "y",
        "origin": [
          8,
          5.27899,
          8
        ]
      },
      "faces": {
        "north": {
          "uv": [
            4.5,
            8.75,
            4,
            11.375
          ],
          "texture": "#0"
        },
        "east": {
          "uv": [
            6,
            8.75,
            5.5,
            11.375
          ],
          "texture": "#0"
        },
        "south": {
          "uv": [
            5.5,
            8.75,
            5,
            11.375
          ],
          "texture": "#0"
        },
        "west": {
          "uv": [
            5,
            8.75,
            4.5,
            11.375
          ],
          "texture": "#0"
        },
        "up": {
          "uv": [
            1,
            11.25,
            1.5,
            10.75
          ],
          "texture": "#0"
        },
        "down": {
          "uv": [
            1.5,
            10.75,
            2,
            11.25
          ],
          "texture": "#0"
        }
      }
    },
    {
      "from": [
        1,
        2,
        1
      ],
      "to": [
        3,
        10.25,
        3
      ],
      "rotation": {
        "angle": 0,
        "axis": "y",
        "origin": [
          8,
          5.27899,
          8
        ]
      },
      "faces": {
        "north": {
          "uv": [
            8,
            8.75,
            7.5,
            10.8125
          ],
          "texture": "#0"
        },
        "east": {
          "uv": [
            9.5,
            8.75,
            9,
            10.8125
          ],
          "texture": "#0"
        },
        "south": {
          "uv": [
            9,
            8.75,
            8.5,
            10.8125
          ],
          "texture": "#0"
        },
        "west": {
          "uv": [
            8.5,
            8.75,
            8,
            10.8125
          ],
          "texture": "#0"
        },
        "up": {
          "uv": [
            6.5,
            11,
            7,
            10.5
          ],
          "texture": "#0"
        },
        "down": {
          "uv": [
            7,
            10.5,
            7.5,
            11
          ],
          "texture": "#0"
        }
      }
    },
    {
      "from": [
        15,
        8.18297,
        1.71088
      ],
      "to": [
        15.5,
        10.93297,
        14.46088
      ],
      "rotation": {
        "angle": 0,
        "axis": "y",
        "origin": [
          8,
          5.27899,
          8
        ]
      },
      "faces": {
        "north": {
          "uv": [
            9.5,
            10.75,
            9.625,
            11.4375
          ],
          "texture": "#0"
        },
        "east": {
          "uv": [
            6.5,
            5,
            9.6875,
            5.6875
          ],
          "texture": "#0"
        },
        "south": {
          "uv": [
            9.75,
            10.75,
            9.875,
            11.4375
          ],
          "texture": "#0"
        },
        "west": {
          "uv": [
            6.5,
            5.75,
            9.6875,
            6.4375
          ],
          "texture": "#0"
        },
        "up": {
          "uv": [
            3.625,
            13.4375,
            3.5,
            10.25
          ],
          "texture": "#0"
        },
        "down": {
          "uv": [
            3.875,
            10.25,
            3.75,
            13.4375
          ],
          "texture": "#0"
        }
      }
    },
    {
      "from": [
        15,
        1.18297,
        1.71088
      ],
      "to": [
        15.5,
        2.93297,
        14.46088
      ],
      "rotation": {
        "angle": 0,
        "axis": "y",
        "origin": [
          8,
          5.27899,
          8
        ]
      },
      "faces": {
        "north": {
          "uv": [
            9.75,
            6,
            9.875,
            6.4375
          ],
          "texture": "#0"
        },
        "east": {
          "uv": [
            8.5,
            1.5,
            11.6875,
            1.9375
          ],
          "texture": "#0"
        },
        "south": {
          "uv": [
            10.5,
            10.75,
            10.625,
            11.1875
          ],
          "texture": "#0"
        },
        "west": {
          "uv": [
            8.5,
            2,
            11.6875,
            2.4375
          ],
          "texture": "#0"
        },
        "up": {
          "uv": [
            6.125,
            13.6875,
            6,
            10.5
          ],
          "texture": "#0"
        },
        "down": {
          "uv": [
            6.375,
            10.5,
            6.25,
            13.6875
          ],
          "texture": "#0"
        }
      }
    },
    {
      "from": [
        0.5,
        8.18297,
        1.71088
      ],
      "to": [
        1,
        10.93297,
        14.46088
      ],
      "rotation": {
        "angle": 0,
        "axis": "y",
        "origin": [
          8,
          5.27899,
          8
        ]
      },
      "faces": {
        "north": {
          "uv": [
            9.625,
            10.75,
            9.5,
            11.4375
          ],
          "texture": "#0"
        },
        "east": {
          "uv": [
            9.6875,
            5.75,
            6.5,
            6.4375
          ],
          "texture": "#0"
        },
        "south": {
          "uv": [
            9.875,
            10.75,
            9.75,
            11.4375
          ],
          "texture": "#0"
        },
        "west": {
          "uv": [
            9.6875,
            5,
            6.5,
            5.6875
          ],
          "texture": "#0"
        },
        "up": {
          "uv": [
            3.5,
            13.4375,
            3.625,
            10.25
          ],
          "texture": "#0"
        },
        "down": {
          "uv": [
            3.75,
            10.25,
            3.875,
            13.4375
          ],
          "texture": "#0"
        }
      }
    },
    {
      "from": [
        0.5,
        1.18297,
        1.71088
      ],
      "to": [
        1,
        2.93297,
        14.46088
      ],
      "rotation": {
        "angle": 0,
        "axis": "y",
        "origin": [
          8,
          5.27899,
          8
        ]
      },
      "faces": {
        "north": {
          "uv": [
            9.875,
            6,
            9.75,
            6.4375
          ],
          "texture": "#0"
        },
        "east": {
          "uv": [
            11.6875,
            2,
            8.5,
            2.4375
          ],
          "texture": "#0"
        },
        "south": {
          "uv": [
            10.625,
            10.75,
            10.5,
            11.1875
          ],
          "texture": "#0"
        },
        "west": {
          "uv": [
            11.6875,
            1.5,
            8.5,
            1.9375
          ],
          "texture": "#0"
        },
        "up": {
          "uv": [
            6,
            13.6875,
            6.125,
            10.5
          ],
          "texture": "#0"
        },
        "down": {
          "uv": [
            6.25,
            10.5,
            6.375,
            13.6875
          ],
          "texture": "#0"
        }
      }
    },
    {
      "from": [
        1.5,
        6.25,
        0.5
      ],
      "to": [
        14.5,
        9,
        1
      ],
      "rotation": {
        "angle": 0,
        "axis": "y",
        "origin": [
          8,
          5.27899,
          8
        ]
      },
      "faces": {
        "north": {
          "uv": [
            6.5,
            3.5,
            9.75,
            4.1875
          ],
          "texture": "#0"
        },
        "east": {
          "uv": [
            10,
            10.75,
            10.125,
            11.4375
          ],
          "texture": "#0"
        },
        "south": {
          "uv": [
            6.5,
            4.25,
            9.75,
            4.9375
          ],
          "texture": "#0"
        },
        "west": {
          "uv": [
            10.25,
            10.75,
            10.375,
            11.4375
          ],
          "texture": "#0"
        },
        "up": {
          "uv": [
            12.75,
            10.375,
            9.5,
            10.25
          ],
          "texture": "#0"
        },
        "down": {
          "uv": [
            12.75,
            10.5,
            9.5,
            10.625
          ],
          "texture": "#0"
        }
      }
    },
    {
      "from": [
        1.5,
        1.25,
        0.5
      ],
      "to": [
        14.5,
        3,
        1
      ],
      "rotation": {
        "angle": 0,
        "axis": "y",
        "origin": [
          8,
          5.27899,
          8
        ]
      },
      "faces": {
        "north": {
          "uv": [
            8.5,
            0.5,
            11.75,
            0.9375
          ],
          "texture": "#0"
        },
        "east": {
          "uv": [
            10.75,
            10.75,
            10.875,
            11.1875
          ],
          "texture": "#0"
        },
        "south": {
          "uv": [
            8.5,
            1,
            11.75,
            1.4375
          ],
          "texture": "#0"
        },
        "west": {
          "uv": [
            0,
            11,
            0.125,
            11.4375
          ],
          "texture": "#0"
        },
        "up": {
          "uv": [
            14,
            5.375,
            10.75,
            5.25
          ],
          "texture": "#0"
        },
        "down": {
          "uv": [
            14,
            5.5,
            10.75,
            5.625
          ],
          "texture": "#0"
        }
      }
    },
    {
      "from": [
        1.5,
        1.25,
        15
      ],
      "to": [
        14.5,
        3,
        15.5
      ],
      "rotation": {
        "angle": 0,
        "axis": "y",
        "origin": [
          8,
          5.27899,
          8
        ]
      },
      "faces": {
        "north": {
          "uv": [
            11.75,
            1,
            8.5,
            1.4375
          ],
          "texture": "#0"
        },
        "east": {
          "uv": [
            10.875,
            10.75,
            10.75,
            11.1875
          ],
          "texture": "#0"
        },
        "south": {
          "uv": [
            11.75,
            0.5,
            8.5,
            0.9375
          ],
          "texture": "#0"
        },
        "west": {
          "uv": [
            0.125,
            11,
            0,
            11.4375
          ],
          "texture": "#0"
        },
        "up": {
          "uv": [
            14,
            5.25,
            10.75,
            5.375
          ],
          "texture": "#0"
        },
        "down": {
          "uv": [
            14,
            5.625,
            10.75,
            5.5
          ],
          "texture": "#0"
        }
      }
    },
    {
      "from": [
        1.5,
        7.25,
        15
      ],
      "to": [
        14.5,
        9,
        15.5
      ],
      "rotation": {
        "angle": 0,
        "axis": "y",
        "origin": [
          8,
          5.27899,
          8
        ]
      },
      "faces": {
        "north": {
          "uv": [
            11.75,
            1,
            8.5,
            1.4375
          ],
          "texture": "#0"
        },
        "east": {
          "uv": [
            10.875,
            10.75,
            10.75,
            11.1875
          ],
          "texture": "#0"
        },
        "south": {
          "uv": [
            11.75,
            0.5,
            8.5,
            0.9375
          ],
          "texture": "#0"
        },
        "west": {
          "uv": [
            0.125,
            11,
            0,
            11.4375
          ],
          "texture": "#0"
        },
        "up": {
          "uv": [
            14,
            5.25,
            10.75,
            5.375
          ],
          "texture": "#0"
        },
        "down": {
          "uv": [
            14,
            5.625,
            10.75,
            5.5
          ],
          "texture": "#0"
        }
      }
    },
    {
      "from": [
        1.9,
        1.8,
        0.25
      ],
      "to": [
        2.6,
        2.5,
        0.5
      ],
      "rotation": {
        "angle": -45,
        "axis": "z",
        "origin": [
          2.25,
          2.15,
          0.375
        ]
      },
      "faces": {
        "north": {
          "uv": [
            2,
            8,
            2.1875,
            8.1875
          ],
          "texture": "#0"
        },
        "east": {
          "uv": [
            0.5,
            11,
            0.5625,
            11.1875
          ],
          "texture": "#0"
        },
        "south": {
          "uv": [
            2.25,
            8,
            2.4375,
            8.1875
          ],
          "texture": "#0"
        },
        "west": {
          "uv": [
            0.75,
            11,
            0.8125,
            11.1875
          ],
          "texture": "#0"
        },
        "up": {
          "uv": [
            11.1875,
            2.5625,
            11,
            2.5
          ],
          "texture": "#0"
        },
        "down": {
          "uv": [
            11.1875,
            2.75,
            11,
            2.8125
          ],
          "texture": "#0"
        }
      }
    },
    {
      "from": [
        13.4,
        1.8,
        0.25
      ],
      "to": [
        14.1,
        2.5,
        0.5
      ],
      "rotation": {
        "angle": 45,
        "axis": "z",
        "origin": [
          13.75,
          2.15,
          0.375
        ]
      },
      "faces": {
        "north": {
          "uv": [
            2.5,
            8,
            2.6875,
            8.1875
          ],
          "texture": "#0"
        },
        "east": {
          "uv": [
            11,
            3,
            11.0625,
            3.1875
          ],
          "texture": "#0"
        },
        "south": {
          "uv": [
            2.75,
            8,
            2.9375,
            8.1875
          ],
          "texture": "#0"
        },
        "west": {
          "uv": [
            11,
            3.25,
            11.0625,
            3.4375
          ],
          "texture": "#0"
        },
        "up": {
          "uv": [
            11.1875,
            5.8125,
            11,
            5.75
          ],
          "texture": "#0"
        },
        "down": {
          "uv": [
            11.1875,
            6,
            11,
            6.0625
          ],
          "texture": "#0"
        }
      }
    },
    {
      "from": [
        13.4,
        1.8,
        15.5
      ],
      "to": [
        14.1,
        2.5,
        15.75
      ],
      "rotation": {
        "angle": 45,
        "axis": "z",
        "origin": [
          13.75,
          2.15,
          15.625
        ]
      },
      "faces": {
        "north": {
          "uv": [
            2.9375,
            8,
            2.75,
            8.1875
          ],
          "texture": "#0"
        },
        "east": {
          "uv": [
            11.0625,
            3,
            11,
            3.1875
          ],
          "texture": "#0"
        },
        "south": {
          "uv": [
            2.6875,
            8,
            2.5,
            8.1875
          ],
          "texture": "#0"
        },
        "west": {
          "uv": [
            11.0625,
            3.25,
            11,
            3.4375
          ],
          "texture": "#0"
        },
        "up": {
          "uv": [
            11.1875,
            5.75,
            11,
            5.8125
          ],
          "texture": "#0"
        },
        "down": {
          "uv": [
            11.1875,
            6.0625,
            11,
            6
          ],
          "texture": "#0"
        }
      }
    },
    {
      "from": [
        1.9,
        1.8,
        15.5
      ],
      "to": [
        2.6,
        2.5,
        15.75
      ],
      "rotation": {
        "angle": -45,
        "axis": "z",
        "origin": [
          2.25,
          2.15,
          15.625
        ]
      },
      "faces": {
        "north": {
          "uv": [
            2.4375,
            8,
            2.25,
            8.1875
          ],
          "texture": "#0"
        },
        "east": {
          "uv": [
            0.5625,
            11,
            0.5,
            11.1875
          ],
          "texture": "#0"
        },
        "south": {
          "uv": [
            2.1875,
            8,
            2,
            8.1875
          ],
          "texture": "#0"
        },
        "west": {
          "uv": [
            0.8125,
            11,
            0.75,
            11.1875
          ],
          "texture": "#0"
        },
        "up": {
          "uv": [
            11.1875,
            2.5,
            11,
            2.5625
          ],
          "texture": "#0"
        },
        "down": {
          "uv": [
            11.1875,
            2.8125,
            11,
            2.75
          ],
          "texture": "#0"
        }
      }
    },
    {
      "from": [
        13.4,
        7.8,
        15.5
      ],
      "to": [
        14.1,
        8.5,
        15.75
      ],
      "rotation": {
        "angle": 45,
        "axis": "z",
        "origin": [
          13.75,
          8.15,
          15.625
        ]
      },
      "faces": {
        "north": {
          "uv": [
            2.9375,
            8,
            2.75,
            8.1875
          ],
          "texture": "#0"
        },
        "east": {
          "uv": [
            11.0625,
            3,
            11,
            3.1875
          ],
          "texture": "#0"
        },
        "south": {
          "uv": [
            2.6875,
            8,
            2.5,
            8.1875
          ],
          "texture": "#0"
        },
        "west": {
          "uv": [
            11.0625,
            3.25,
            11,
            3.4375
          ],
          "texture": "#0"
        },
        "up": {
          "uv": [
            11.1875,
            5.75,
            11,
            5.8125
          ],
          "texture": "#0"
        },
        "down": {
          "uv": [
            11.1875,
            6.0625,
            11,
            6
          ],
          "texture": "#0"
        }
      }
    },
    {
      "from": [
        1.9,
        7.8,
        15.5
      ],
      "to": [
        2.6,
        8.5,
        15.75
      ],
      "rotation": {
        "angle": -45,
        "axis": "z",
        "origin": [
          2.25,
          8.15,
          15.625
        ]
      },
      "faces": {
        "north": {
          "uv": [
            2.4375,
            8,
            2.25,
            8.1875
          ],
          "texture": "#0"
        },
        "east": {
          "uv": [
            0.5625,
            11,
            0.5,
            11.1875
          ],
          "texture": "#0"
        },
        "south": {
          "uv": [
            2.1875,
            8,
            2,
            8.1875
          ],
          "texture": "#0"
        },
        "west": {
          "uv": [
            0.8125,
            11,
            0.75,
            11.1875
          ],
          "texture": "#0"
        },
        "up": {
          "uv": [
            11.1875,
            2.5,
            11,
            2.5625
          ],
          "texture": "#0"
        },
        "down": {
          "uv": [
            11.1875,
            2.8125,
            11,
            2.75
          ],
          "texture": "#0"
        }
      }
    },
    {
      "from": [
        13.4,
        6.6,
        0.25
      ],
      "to": [
        14.1,
        7.3,
        0.5
      ],
      "rotation": {
        "angle": 45,
        "axis": "z",
        "origin": [
          13.75,
          6.95,
          0.375
        ]
      },
      "faces": {
        "north": {
          "uv": [
            2.5,
            8,
            2.6875,
            8.1875
          ],
          "texture": "#0"
        },
        "east": {
          "uv": [
            11,
            3,
            11.0625,
            3.1875
          ],
          "texture": "#0"
        },
        "south": {
          "uv": [
            2.75,
            8,
            2.9375,
            8.1875
          ],
          "texture": "#0"
        },
        "west": {
          "uv": [
            11,
            3.25,
            11.0625,
            3.4375
          ],
          "texture": "#0"
        },
        "up": {
          "uv": [
            11.1875,
            5.8125,
            11,
            5.75
          ],
          "texture": "#0"
        },
        "down": {
          "uv": [
            11.1875,
            6,
            11,
            6.0625
          ],
          "texture": "#0"
        }
      }
    },
    {
      "from": [
        1.9,
        6.6,
        0.25
      ],
      "to": [
        2.6,
        7.3,
        0.5
      ],
      "rotation": {
        "angle": -45,
        "axis": "z",
        "origin": [
          2.25,
          6.95,
          0.375
        ]
      },
      "faces": {
        "north": {
          "uv": [
            2,
            8,
            2.1875,
            8.1875
          ],
          "texture": "#0"
        },
        "east": {
          "uv": [
            0.5,
            11,
            0.5625,
            11.1875
          ],
          "texture": "#0"
        },
        "south": {
          "uv": [
            2.25,
            8,
            2.4375,
            8.1875
          ],
          "texture": "#0"
        },
        "west": {
          "uv": [
            0.75,
            11,
            0.8125,
            11.1875
          ],
          "texture": "#0"
        },
        "up": {
          "uv": [
            11.1875,
            2.5625,
            11,
            2.5
          ],
          "texture": "#0"
        },
        "down": {
          "uv": [
            11.1875,
            2.75,
            11,
            2.8125
          ],
          "texture": "#0"
        }
      }
    },
    {
      "from": [
        13.4,
        7.9,
        0.25
      ],
      "to": [
        14.1,
        8.6,
        0.5
      ],
      "rotation": {
        "angle": 45,
        "axis": "z",
        "origin": [
          13.75,
          8.25,
          0.375
        ]
      },
      "faces": {
        "north": {
          "uv": [
            2.5,
            8,
            2.6875,
            8.1875
          ],
          "texture": "#0"
        },
        "east": {
          "uv": [
            11,
            3,
            11.0625,
            3.1875
          ],
          "texture": "#0"
        },
        "south": {
          "uv": [
            2.75,
            8,
            2.9375,
            8.1875
          ],
          "texture": "#0"
        },
        "west": {
          "uv": [
            11,
            3.25,
            11.0625,
            3.4375
          ],
          "texture": "#0"
        },
        "up": {
          "uv": [
            11.1875,
            5.8125,
            11,
            5.75
          ],
          "texture": "#0"
        },
        "down": {
          "uv": [
            11.1875,
            6,
            11,
            6.0625
          ],
          "texture": "#0"
        }
      }
    },
    {
      "from": [
        1.9,
        7.9,
        0.25
      ],
      "to": [
        2.6,
        8.6,
        0.5
      ],
      "rotation": {
        "angle": -45,
        "axis": "z",
        "origin": [
          2.25,
          8.25,
          0.375
        ]
      },
      "faces": {
        "north": {
          "uv": [
            2,
            8,
            2.1875,
            8.1875
          ],
          "texture": "#0"
        },
        "east": {
          "uv": [
            0.5,
            11,
            0.5625,
            11.1875
          ],
          "texture": "#0"
        },
        "south": {
          "uv": [
            2.25,
            8,
            2.4375,
            8.1875
          ],
          "texture": "#0"
        },
        "west": {
          "uv": [
            0.75,
            11,
            0.8125,
            11.1875
          ],
          "texture": "#0"
        },
        "up": {
          "uv": [
            11.1875,
            2.5625,
            11,
            2.5
          ],
          "texture": "#0"
        },
        "down": {
          "uv": [
            11.1875,
            2.75,
            11,
            2.8125
          ],
          "texture": "#0"
        }
      }
    },
    {
      "from": [
        15.475,
        1.7,
        2.025
      ],
      "to": [
        15.725,
        2.4,
        2.725
      ],
      "rotation": {
        "angle": -45,
        "axis": "x",
        "origin": [
          15.6,
          2.05,
          2.375
        ]
      },
      "faces": {
        "north": {
          "uv": [
            11,
            6.25,
            11.0625,
            6.4375
          ],
          "texture": "#0"
        },
        "east": {
          "uv": [
            3,
            8,
            3.1875,
            8.1875
          ],
          "texture": "#0"
        },
        "south": {
          "uv": [
            6.5,
            11,
            6.5625,
            11.1875
          ],
          "texture": "#0"
        },
        "west": {
          "uv": [
            3.25,
            8,
            3.4375,
            8.1875
          ],
          "texture": "#0"
        },
        "up": {
          "uv": [
            11.0625,
            6.6875,
            11,
            6.5
          ],
          "texture": "#0"
        },
        "down": {
          "uv": [
            6.8125,
            11,
            6.75,
            11.1875
          ],
          "texture": "#0"
        }
      }
    },
    {
      "from": [
        15.475,
        1.7,
        13.525
      ],
      "to": [
        15.725,
        2.4,
        14.225
      ],
      "rotation": {
        "angle": 45,
        "axis": "x",
        "origin": [
          15.6,
          2.05,
          13.875
        ]
      },
      "faces": {
        "north": {
          "uv": [
            11,
            6.75,
            11.0625,
            6.9375
          ],
          "texture": "#0"
        },
        "east": {
          "uv": [
            10.75,
            5.75,
            10.9375,
            5.9375
          ],
          "texture": "#0"
        },
        "south": {
          "uv": [
            7,
            11,
            7.0625,
            11.1875
          ],
          "texture": "#0"
        },
        "west": {
          "uv": [
            0.25,
            11,
            0.4375,
            11.1875
          ],
          "texture": "#0"
        },
        "up": {
          "uv": [
            11.0625,
            7.1875,
            11,
            7
          ],
          "texture": "#0"
        },
        "down": {
          "uv": [
            7.3125,
            11,
            7.25,
            11.1875
          ],
          "texture": "#0"
        }
      }
    },
    {
      "from": [
        0.275,
        1.7,
        2.025
      ],
      "to": [
        0.525,
        2.4,
        2.725
      ],
      "rotation": {
        "angle": -45,
        "axis": "x",
        "origin": [
          0.4,
          2.05,
          2.375
        ]
      },
      "faces": {
        "north": {
          "uv": [
            11.0625,
            6.25,
            11,
            6.4375
          ],
          "texture": "#0"
        },
        "east": {
          "uv": [
            3.4375,
            8,
            3.25,
            8.1875
          ],
          "texture": "#0"
        },
        "south": {
          "uv": [
            6.5625,
            11,
            6.5,
            11.1875
          ],
          "texture": "#0"
        },
        "west": {
          "uv": [
            3.1875,
            8,
            3,
            8.1875
          ],
          "texture": "#0"
        },
        "up": {
          "uv": [
            11,
            6.6875,
            11.0625,
            6.5
          ],
          "texture": "#0"
        },
        "down": {
          "uv": [
            6.75,
            11,
            6.8125,
            11.1875
          ],
          "texture": "#0"
        }
      }
    },
    {
      "from": [
        0.275,
        1.7,
        13.525
      ],
      "to": [
        0.525,
        2.4,
        14.225
      ],
      "rotation": {
        "angle": 45,
        "axis": "x",
        "origin": [
          0.4,
          2.05,
          13.875
        ]
      },
      "faces": {
        "north": {
          "uv": [
            11.0625,
            6.75,
            11,
            6.9375
          ],
          "texture": "#0"
        },
        "east": {
          "uv": [
            0.4375,
            11,
            0.25,
            11.1875
          ],
          "texture": "#0"
        },
        "south": {
          "uv": [
            7.0625,
            11,
            7,
            11.1875
          ],
          "texture": "#0"
        },
        "west": {
          "uv": [
            10.9375,
            5.75,
            10.75,
            5.9375
          ],
          "texture": "#0"
        },
        "up": {
          "uv": [
            11,
            7.1875,
            11.0625,
            7
          ],
          "texture": "#0"
        },
        "down": {
          "uv": [
            7.25,
            11,
            7.3125,
            11.1875
          ],
          "texture": "#0"
        }
      }
    },
    {
      "from": [
        15.475,
        9.2,
        2.025
      ],
      "to": [
        15.725,
        9.9,
        2.725
      ],
      "rotation": {
        "angle": -45,
        "axis": "x",
        "origin": [
          15.6,
          9.55,
          2.375
        ]
      },
      "faces": {
        "north": {
          "uv": [
            11,
            6.25,
            11.0625,
            6.4375
          ],
          "texture": "#0"
        },
        "east": {
          "uv": [
            3,
            8,
            3.1875,
            8.1875
          ],
          "texture": "#0"
        },
        "south": {
          "uv": [
            6.5,
            11,
            6.5625,
            11.1875
          ],
          "texture": "#0"
        },
        "west": {
          "uv": [
            3.25,
            8,
            3.4375,
            8.1875
          ],
          "texture": "#0"
        },
        "up": {
          "uv": [
            11.0625,
            6.6875,
            11,
            6.5
          ],
          "texture": "#0"
        },
        "down": {
          "uv": [
            6.8125,
            11,
            6.75,
            11.1875
          ],
          "texture": "#0"
        }
      }
    },
    {
      "from": [
        15.475,
        9.2,
        13.525
      ],
      "to": [
        15.725,
        9.9,
        14.225
      ],
      "rotation": {
        "angle": 45,
        "axis": "x",
        "origin": [
          15.6,
          9.55,
          13.875
        ]
      },
      "faces": {
        "north": {
          "uv": [
            11,
            6.75,
            11.0625,
            6.9375
          ],
          "texture": "#0"
        },
        "east": {
          "uv": [
            10.75,
            5.75,
            10.9375,
            5.9375
          ],
          "texture": "#0"
        },
        "south": {
          "uv": [
            7,
            11,
            7.0625,
            11.1875
          ],
          "texture": "#0"
        },
        "west": {
          "uv": [
            0.25,
            11,
            0.4375,
            11.1875
          ],
          "texture": "#0"
        },
        "up": {
          "uv": [
            11.0625,
            7.1875,
            11,
            7
          ],
          "texture": "#0"
        },
        "down": {
          "uv": [
            7.3125,
            11,
            7.25,
            11.1875
          ],
          "texture": "#0"
        }
      }
    },
    {
      "from": [
        0.275,
        9.2,
        2.025
      ],
      "to": [
        0.525,
        9.9,
        2.725
      ],
      "rotation": {
        "angle": -45,
        "axis": "x",
        "origin": [
          0.4,
          9.55,
          2.375
        ]
      },
      "faces": {
        "north": {
          "uv": [
            11.0625,
            6.25,
            11,
            6.4375
          ],
          "texture": "#0"
        },
        "east": {
          "uv": [
            3.4375,
            8,
            3.25,
            8.1875
          ],
          "texture": "#0"
        },
        "south": {
          "uv": [
            6.5625,
            11,
            6.5,
            11.1875
          ],
          "texture": "#0"
        },
        "west": {
          "uv": [
            3.1875,
            8,
            3,
            8.1875
          ],
          "texture": "#0"
        },
        "up": {
          "uv": [
            11,
            6.6875,
            11.0625,
            6.5
          ],
          "texture": "#0"
        },
        "down": {
          "uv": [
            6.75,
            11,
            6.8125,
            11.1875
          ],
          "texture": "#0"
        }
      }
    },
    {
      "from": [
        0.275,
        9.2,
        13.525
      ],
      "to": [
        0.525,
        9.9,
        14.225
      ],
      "rotation": {
        "angle": 45,
        "axis": "x",
        "origin": [
          0.4,
          9.55,
          13.875
        ]
      },
      "faces": {
        "north": {
          "uv": [
            11.0625,
            6.75,
            11,
            6.9375
          ],
          "texture": "#0"
        },
        "east": {
          "uv": [
            0.4375,
            11,
            0.25,
            11.1875
          ],
          "texture": "#0"
        },
        "south": {
          "uv": [
            7.0625,
            11,
            7,
            11.1875
          ],
          "texture": "#0"
        },
        "west": {
          "uv": [
            10.9375,
            5.75,
            10.75,
            5.9375
          ],
          "texture": "#0"
        },
        "up": {
          "uv": [
            11,
            7.1875,
            11.0625,
            7
          ],
          "texture": "#0"
        },
        "down": {
          "uv": [
            7.25,
            11,
            7.3125,
            11.1875
          ],
          "texture": "#0"
        }
      }
    }
  ],
  "display": {
    "thirdperson_righthand": {
      "rotation": [
        45,
        0,
        0
      ],
      "translation": [
        0,
        3.5,
        0
      ],
      "scale": [
        0.5,
        0.5,
        0.5
      ]
    },
    "thirdperson_lefthand": {
      "rotation": [
        45,
        0,
        0
      ],
      "translation": [
        0,
        3.5,
        0
      ],
      "scale": [
        0.5,
        0.5,
        0.5
      ]
    },
    "firstperson_righthand": {
      "rotation": [
        22.5,
        0,
        0
      ],
      "translation": [
        1,
        1,
        0
      ],
      "scale": [
        0.5,
        0.5,
        0.5
      ]
    },
    "firstperson_lefthand": {
      "rotation": [
        22.5,
        0,
        0
      ],
      "translation": [
        1,
        1,
        0
      ],
      "scale": [
        0.5,
        0.5,
        0.5
      ]
    },
    "ground": {
      "translation": [
        0,
        4.25,
        0
      ]
    },
    "gui": {
      "rotation": [
        -160,
        -45,
        180
      ],
      "scale": [
        0.7,
        0.7,
        0.7
      ]
    },
    "head": {
      "translation": [
        0,
        13.75,
        0
      ]
    },
    "fixed": {
      "rotation": [
        -90,
        0,
        0
      ],
      "translation": [
        0,
        0,
        -7
      ]
    }
  },
  "groups": [
    {
      "name": "workstation1",
      "origin": [
        8,
        8,
        8
      ],
      "color": 4,
      "nbt": "{}",
      "armAnimationEnabled": false,
      "children": [
        0,
        1,
        2,
        3,
        4,
        5,
        6,
        {
          "name": "ножки",
          "origin": [
            8,
            5.27899,
            8
          ],
          "color": 0,
          "nbt": "{}",
          "armAnimationEnabled": false,
          "children": [
            7,
            8,
            9,
            10
          ]
        },
        {
          "name": "доски",
          "origin": [
            8,
            5.27899,
            8
          ],
          "color": 0,
          "nbt": "{}",
          "armAnimationEnabled": false,
          "children": [
            11,
            12,
            13,
            14,
            15,
            16,
            17,
            18,
            19,
            20,
            21,
            22,
            23,
            24,
            25,
            26,
            27,
            28,
            29,
            30,
            31,
            32,
            33,
            34,
            35,
            36
          ]
        }
      ]
    }
  ]
}