{
  "_fv": 43,
  "_type": "biome",
  "definition": {
    "name": "Ancient Biome",
    "groundBlock": {
      "value": "CUSTOM:SpaceRockDirt"
    },
    "undergroundBlock": {
      "value": "CUSTOM:SpaceRock"
    },
    "underwaterBlock": {
      "value": ""
    },
    "ambientSound": {
      "value": ""
    },
    "additionsSound": {
      "value": ""
    },
    "music": {
      "value": ""
    },
    "moodSound": {
      "value": ""
    },
    "moodSoundDelay": 6000,
    "spawnParticles": false,
    "particleToSpawn": {
      "value": "EXPLOSION_NORMAL"
    },
    "particlesProbability": 0.5,
    "rainingPossibility": 0.0,
    "temperature": 2.0,
    "spawnBiome": false,
    "spawnInCaves": false,
    "spawnBiomeNether": false,
    "genTemperature": {
      "min": -1.56,
      "max": 2.0
    },
    "genHumidity": {
      "min": -2.0,
      "max": 1.56
    },
    "genContinentalness": {
      "min": -2.0,
      "max": 2.0
    },
    "genErosion": {
      "min": -1.76,
      "max": 2.0
    },
    "genWeirdness": {
      "min": -1.9629344035608054,
      "max": 2.0
    },
    "treesPerChunk": 4,
    "vanillaTreeType": "Default",
    "treeType": 1,
    "minHeight": 5,
    "treeStem": {
      "value": "CUSTOM:FerroLog"
    },
    "treeBranch": {
      "value": "CUSTOM:FerroLeaves"
    },
    "treeVines": {
      "value": "Blocks.AIR"
    },
    "treeFruits": {
      "value": "Blocks.AIR"
    },
    "defaultFeatures": [],
    "spawnStronghold": false,
    "spawnMineshaft": false,
    "spawnMineshaftMesa": false,
    "spawnPillagerOutpost": false,
    "villageType": "none",
    "spawnWoodlandMansion": false,
    "spawnJungleTemple": false,
    "spawnDesertPyramid": false,
    "spawnSwampHut": false,
    "spawnIgloo": false,
    "spawnOceanMonument": false,
    "spawnShipwreck": false,
    "spawnShipwreckBeached": false,
    "spawnBuriedTreasure": false,
    "oceanRuinType": "NONE",
    "spawnNetherBridge": false,
    "spawnNetherFossil": false,
    "spawnBastionRemnant": false,
    "spawnEndCity": false,
    "spawnRuinedPortal": "NONE",
    "spawnEntries": []
  }
}