{
  "_fv": 43,
  "_type": "achievement",
  "definition": {
    "achievementName": "Sword Master",
    "achievementDescription": "Craft Blade of Forgotten",
    "achievementIcon": {
      "value": "CUSTOM:BladeOfForgotten"
    },
    "background": "Default",
    "disableDisplay": false,
    "showPopup": true,
    "announceToChat": true,
    "hideIfNotCompleted": false,
    "rewardLoot": [],
    "rewardRecipes": [],
    "rewardFunction": "No function",
    "rewardXP": 0,
    "achievementType": "goal",
    "parent": {
      "value": "CUSTOM:InfusedmetalAdv"
    },
    "triggerxml": "<xml xmlns=\"https://developers.google.com/blockly/xml\"><block type=\"custom_trigger\" x=\"72\" y=\"152\"><next><block type=\"advancement_trigger\" deletable=\"false\"></block></next></block></xml>"
  }
}