{
  "_fv": 43,
  "_type": "armor",
  "definition": {
    "enableHelmet": false,
    "textureHelmet": "",
    "enableBody": true,
    "textureBody": "dragonsoulset_chestplate",
    "enableLeggings": true,
    "textureLeggings": "dragonsoulset_leggings",
    "enableBoots": true,
    "textureBoots": "dragonsoulset_boots",
    "onBodyTick": {
      "name": "FullArmorAction"
    },
    "onLeggingsTick": {
      "name": "FullArmorAction"
    },
    "onBootsTick": {
      "name": "FullArmorAction"
    },
    "creativeTab": {
      "value": "CUSTOM:LDTools"
    },
    "armorTextureFile": "dragonsoulset_armor_",
    "helmetName": "Celestial Helmet",
    "bodyName": "Celestial Chestplate",
    "leggingsName": "Celestial Leggings",
    "bootsName": "Celestial Boots",
    "helmetSpecialInfo": [],
    "bodySpecialInfo": [
      "§a§lSet Bonus:",
      "§r§7Allow player to fly"
    ],
    "leggingsSpecialInfo": [
      "§a§lSet Bonus:",
      "§r§7Allow player to fly"
    ],
    "bootsSpecialInfo": [
      "§a§lSet Bonus:",
      "§r§7Allow player to fly"
    ],
    "helmetModelName": "Default",
    "helmetModelPart": "Helmet",
    "helmetModelTexture": "From armor",
    "bodyModelName": "Default",
    "bodyModelPart": "Body",
    "armsModelPartL": "Arms L",
    "armsModelPartR": "Arms R",
    "bodyModelTexture": "From armor",
    "leggingsModelName": "Default",
    "leggingsModelPartL": "Leggings L",
    "leggingsModelPartR": "Leggings R",
    "leggingsModelTexture": "From armor",
    "bootsModelName": "Default",
    "bootsModelPartL": "Boots L",
    "bootsModelPartR": "Boots R",
    "bootsModelTexture": "From armor",
    "helmetItemRenderType": 0,
    "helmetItemCustomModelName": "Normal",
    "bodyItemRenderType": 0,
    "bodyItemCustomModelName": "Normal",
    "leggingsItemRenderType": 0,
    "leggingsItemCustomModelName": "Normal",
    "bootsItemRenderType": 0,
    "bootsItemCustomModelName": "Normal",
    "helmetImmuneToFire": false,
    "bodyImmuneToFire": true,
    "leggingsImmuneToFire": true,
    "bootsImmuneToFire": true,
    "maxDamage": 41,
    "damageValueHelmet": 4,
    "damageValueBody": 14,
    "damageValueLeggings": 12,
    "damageValueBoots": 7,
    "enchantability": 9,
    "toughness": 5.0,
    "knockbackResistance": 0.30000000000000004,
    "equipSound": {
      "value": "item.armor.equip_netherite"
    },
    "repairItems": [
      {
        "value": "CUSTOM:CondensedCosmerite"
      }
    ]
  }
}