{
  "_fv": 43,
  "_type": "recipe",
  "definition": {
    "recipeType": "Crafting",
    "recipeRetstackSize": 1,
    "group": "",
    "cookingBookCategory": "MISC",
    "xpReward": 0.0,
    "cookingTime": 200,
    "craftingBookCategory": "MISC",
    "recipeShapeless": false,
    "recipeSlots": [
      {
        "value": "CUSTOM:UnbreakableChain"
      },
      {
        "value": ""
      },
      {
        "value": "CUSTOM:UnbreakableChain"
      },
      {
        "value": "CUSTOM:CondensedCosmerite"
      },
      {
        "value": "Items.NETHERITE_CHESTPLATE"
      },
      {
        "value": "CUSTOM:CondensedCosmerite"
      },
      {
        "value": "CUSTOM:CondensedCosmerite"
      },
      {
        "value": "CUSTOM:CondensedCosmerite"
      },
      {
        "value": "CUSTOM:CondensedCosmerite"
      }
    ],
    "recipeReturnStack": {
      "value": "CUSTOM:CelestialArmor.body"
    },
    "name": "celestial_chest_plate_r",
    "namespace": "mod"
  }
}