{
  "_fv": 43,
  "_type": "tool",
  "definition": {
    "renderType": 0,
    "texture": "crystal_pickaxe",
    "customModelName": "Normal",
    "name": "§bCelestial Pickaxe",
    "specialInfo": [],
    "creativeTab": {
      "value": "CUSTOM:LDTools"
    },
    "toolType": "Pickaxe",
    "harvestLevel": 0,
    "efficiency": 2.0,
    "attackSpeed": 1.0,
    "enchantability": 2,
    "damageVsEntity": 4.0,
    "usageCount": 0,
    "blocksAffected": [],
    "hasGlow": true,
    "glowCondition": {
      "name": "CrystalizedPickaxeMakeItemGlow"
    },
    "repairItems": [],
    "immuneToFire": false,
    "stayInGridWhenCrafting": false,
    "damageOnCrafting": false,
    "onEntitySwing": {
      "name": "ForgefireAxeEntitySwingsItem"
    }
  }
}