{
  "_fv": 43,
  "_type": "gui",
  "definition": {
    "type": 1,
    "width": 176,
    "height": 166,
    "inventoryOffsetX": 0,
    "inventoryOffsetY": 0,
    "renderBgLayer": true,
    "doesPauseGame": false,
    "components": [
      {
        "type": "label",
        "data": {
          "name": "label_compressor_table",
          "text": {
            "fixedValue": "Compressor Table",
            "name": "CompressorGUIValueTitle"
          },
          "color": {
            "value": -6750208,
            "falpha": 0.0
          },
          "x": 132,
          "y": 44
        }
      },
      {
        "type": "outputslot",
        "data": {
          "id": 1,
          "disablePickup": {
            "fixedValue": false
          },
          "dropItemsWhenNotBound": true,
          "x": 258,
          "y": 71
        }
      },
      {
        "type": "inputslot",
        "data": {
          "inputLimit": {
            "value": ""
          },
          "disablePlacement": {
            "fixedValue": false
          },
          "id": 0,
          "disablePickup": {
            "fixedValue": false
          },
          "dropItemsWhenNotBound": true,
          "x": 150,
          "y": 71
        }
      },
      {
        "type": "image",
        "data": {
          "image": "recipebook_arrow.png",
          "use1Xscale": false,
          "x": 204,
          "y": 71
        }
      },
      {
        "type": "label",
        "data": {
          "name": "label_progress_bnbtnumberprocess",
          "text": {
            "fixedValue": "Progress: <BNBT:number:process>%",
            "name": "CompressorGUIValue"
          },
          "color": {
            "value": -12829636,
            "falpha": 0.0
          },
          "x": 132,
          "y": 107
        }
      }
    ],
    "gridSettings": {
      "sx": 18,
      "sy": 18,
      "ox": 11,
      "oy": 15,
      "snapOnGrid": true
    }
  }
}