{
  "_fv": 43,
  "_type": "achievement",
  "definition": {
    "achievementName": "Cosmic Power Supply",
    "achievementDescription": "Craft Power Supply",
    "achievementIcon": {
      "value": "CUSTOM:PowerSupplyModule"
    },
    "background": "Default",
    "disableDisplay": false,
    "showPopup": true,
    "announceToChat": true,
    "hideIfNotCompleted": false,
    "rewardLoot": [],
    "rewardRecipes": [],
    "rewardFunction": "No function",
    "rewardXP": 0,
    "achievementType": "task",
    "parent": {
      "value": "CUSTOM:PowerCapacitorAdv"
    },
    "triggerxml": "<xml xmlns=\"https://developers.google.com/blockly/xml\"><block type=\"custom_trigger\" x=\"92\" y=\"168\"><next><block type=\"advancement_trigger\" deletable=\"false\"></block></next></block></xml>"
  }
}