{
  "_fv": 43,
  "_type": "biome",
  "definition": {
    "name": "Depth",
    "groundBlock": {
      "value": "Blocks.DEEPSLATE"
    },
    "undergroundBlock": {
      "value": "Blocks.DEEPSLATE"
    },
    "underwaterBlock": {
      "value": "Blocks.DEEPSLATE"
    },
    "airColor": {
      "value": -13421773,
      "falpha": 0.0
    },
    "waterColor": {
      "value": -16751002,
      "falpha": 0.0
    },
    "waterFogColor": {
      "value": -16751002,
      "falpha": 0.0
    },
    "ambientSound": {
      "value": ""
    },
    "additionsSound": {
      "value": ""
    },
    "music": {
      "value": ""
    },
    "moodSound": {
      "value": ""
    },
    "moodSoundDelay": 6000,
    "spawnParticles": false,
    "particleToSpawn": {
      "value": "EXPLOSION_NORMAL"
    },
    "particlesProbability": 0.5,
    "rainingPossibility": 0.5,
    "temperature": 0.5,
    "spawnBiome": false,
    "spawnInCaves": false,
    "spawnBiomeNether": false,
    "genTemperature": {
      "min": -0.2,
      "max": 0.2
    },
    "genHumidity": {
      "min": -0.2,
      "max": 0.2
    },
    "genContinentalness": {
      "min": 0.31,
      "max": 0.71
    },
    "genErosion": {
      "min": 0.6000000000000001,
      "max": 1.0
    },
    "genWeirdness": {
      "min": -0.6008394480969175,
      "max": -0.2008394480969175
    },
    "treesPerChunk": 0,
    "vanillaTreeType": "Default",
    "treeType": 0,
    "minHeight": 7,
    "treeStem": {
      "value": ""
    },
    "treeBranch": {
      "value": ""
    },
    "treeVines": {
      "value": ""
    },
    "treeFruits": {
      "value": ""
    },
    "defaultFeatures": [],
    "spawnStronghold": false,
    "spawnMineshaft": false,
    "spawnMineshaftMesa": false,
    "spawnPillagerOutpost": false,
    "villageType": "none",
    "spawnWoodlandMansion": false,
    "spawnJungleTemple": false,
    "spawnDesertPyramid": false,
    "spawnSwampHut": false,
    "spawnIgloo": false,
    "spawnOceanMonument": false,
    "spawnShipwreck": false,
    "spawnShipwreckBeached": false,
    "spawnBuriedTreasure": false,
    "oceanRuinType": "NONE",
    "spawnNetherBridge": false,
    "spawnNetherFossil": false,
    "spawnBastionRemnant": false,
    "spawnEndCity": false,
    "spawnRuinedPortal": "NONE",
    "spawnEntries": []
  }
}