{
  "_fv": 43,
  "_type": "recipe",
  "definition": {
    "recipeType": "Brewing",
    "recipeRetstackSize": 1,
    "group": "",
    "cookingBookCategory": "MISC",
    "xpReward": 0.0,
    "cookingTime": 200,
    "craftingBookCategory": "MISC",
    "recipeShapeless": false,
    "brewingInputStack": {
      "value": "CUSTOM:MadrigenSolution"
    },
    "brewingIngredientStack": {
      "value": "CUSTOM:PowerCore"
    },
    "brewingReturnStack": {
      "value": "CUSTOM:EnderVoltaicSolution"
    },
    "name": "endervoltaicsolution_r",
    "namespace": "mod"
  }
}