{
  "_fv": 43,
  "_type": "recipe",
  "definition": {
    "recipeType": "Crafting",
    "recipeRetstackSize": 1,
    "group": "",
    "cookingBookCategory": "MISC",
    "xpReward": 0.0,
    "cookingTime": 200,
    "craftingBookCategory": "MISC",
    "recipeShapeless": false,
    "recipeSlots": [
      {
        "value": "CUSTOM:DarkFuseDiamond"
      },
      {
        "value": "CUSTOM:DarkFuseDiamond"
      },
      {
        "value": "CUSTOM:DarkFuseDiamond"
      },
      {
        "value": "CUSTOM:UnbreakableChain"
      },
      {
        "value": "Items.NETHERITE_PICKAXE"
      },
      {
        "value": "CUSTOM:UnbreakableChain"
      },
      {
        "value": ""
      },
      {
        "value": "CUSTOM:PowerCharge"
      },
      {
        "value": ""
      }
    ],
    "recipeReturnStack": {
      "value": "CUSTOM:ForgefirePickaxe"
    },
    "name": "forgefire_pickaxe_r",
    "namespace": "mod"
  }
}