{
  "_fv": 43,
  "_type": "achievement",
  "definition": {
    "achievementName": "From Below",
    "achievementDescription": "Enter world under bedrock.",
    "achievementIcon": {
      "value": "CUSTOM:SpaceRock"
    },
    "background": "Default",
    "disableDisplay": false,
    "showPopup": true,
    "announceToChat": true,
    "hideIfNotCompleted": false,
    "rewardLoot": [],
    "rewardRecipes": [],
    "rewardFunction": "No function",
    "rewardXP": 0,
    "achievementType": "task",
    "parent": {
      "value": "CUSTOM:Onmyway"
    },
    "triggerxml": "<xml xmlns=\"https://developers.google.com/blockly/xml\"><block type=\"dimension_entered\" x=\"56\" y=\"99\"><field name=\"dimension\">CUSTOM:BelowBedrock</field><next><block type=\"advancement_trigger\" deletable=\"false\"></block></next></block></xml>"
  }
}