{
  "_fv": 43,
  "_type": "achievement",
  "definition": {
    "achievementName": "Don't push me, just press me",
    "achievementDescription": "Craft and place Galactic Compressor",
    "achievementIcon": {
      "value": "CUSTOM:GalacticCompressor"
    },
    "background": "Default",
    "disableDisplay": false,
    "showPopup": true,
    "announceToChat": true,
    "hideIfNotCompleted": true,
    "rewardLoot": [],
    "rewardRecipes": [],
    "rewardFunction": "No function",
    "rewardXP": 15,
    "achievementType": "goal",
    "parent": {
      "value": "CUSTOM:W1Adv"
    },
    "triggerxml": "<xml xmlns=\"https://developers.google.com/blockly/xml\"><block type=\"block_placed\" x=\"40\" y=\"67\"><value name=\"block\"><block type=\"mcitem_allblocks\"><field name=\"value\">CUSTOM:GalacticCompressor</field></block></value><next><block type=\"advancement_trigger\" deletable=\"false\"></block></next></block></xml>"
  }
}