{
  "_fv": 43,
  "_type": "tool",
  "definition": {
    "renderType": 0,
    "texture": "galaxy_dragon_staff",
    "customModelName": "Normal",
    "name": "Galaxy Dragon",
    "specialInfo": [],
    "creativeTab": {
      "value": "CUSTOM:LDTools"
    },
    "toolType": "Special",
    "harvestLevel": 1,
    "efficiency": 4.0,
    "attackSpeed": 1.0,
    "enchantability": 0,
    "damageVsEntity": 2.0,
    "usageCount": 0,
    "blocksAffected": [],
    "hasGlow": false,
    "repairItems": [],
    "immuneToFire": true,
    "stayInGridWhenCrafting": false,
    "damageOnCrafting": false
  }
}