{
  "_fv": 43,
  "_type": "recipe",
  "definition": {
    "recipeType": "Smithing",
    "recipeRetstackSize": 1,
    "group": "",
    "cookingBookCategory": "MISC",
    "xpReward": 0.0,
    "cookingTime": 200,
    "craftingBookCategory": "MISC",
    "recipeShapeless": false,
    "smithingInputStack": {
      "value": "CUSTOM:MadrigenSolution"
    },
    "smithingInputAdditionStack": {
      "value": "CUSTOM:CondensedCosmerite"
    },
    "smithingReturnStack": {
      "value": "CUSTOM:GeoMagneticGlue"
    },
    "name": "geo_magnetic_glue_r",
    "namespace": "mod"
  }
}