{
  "_fv": 43,
  "_type": "villagertrade",
  "definition": {
    "tradeEntries": [
      {
        "villagerProfession": {
          "value": "TOOLSMITH"
        },
        "entries": [
          {
            "price1": {
              "value": "Blocks.NETHERITE_BLOCK"
            },
            "countPrice1": 4,
            "price2": {
              "value": "CUSTOM:InfusedIron"
            },
            "countPrice2": 5,
            "offer": {
              "value": "CUSTOM:InfusedCrystal"
            },
            "countOffer": 1,
            "level": 5,
            "maxTrades": 10,
            "xp": 5,
            "priceMultiplier": 0.05
          },
          {
            "price1": {
              "value": "CUSTOM:CorrosiveTear"
            },
            "countPrice1": 7,
            "price2": {
              "value": "CUSTOM:CondensedCosmerite"
            },
            "countPrice2": 1,
            "offer": {
              "value": "CUSTOM:KeyFragment3"
            },
            "countOffer": 1,
            "level": 5,
            "maxTrades": 10,
            "xp": 5,
            "priceMultiplier": 0.05
          }
        ]
      },
      {
        "villagerProfession": {
          "value": "CUSTOM:CosmicScientist"
        },
        "entries": [
          {
            "price1": {
              "value": "CUSTOM:InfusedIron"
            },
            "countPrice1": 2,
            "price2": {
              "value": ""
            },
            "countPrice2": 1,
            "offer": {
              "value": "CUSTOM:SolariumSky"
            },
            "countOffer": 1,
            "level": 1,
            "maxTrades": 200,
            "xp": 1,
            "priceMultiplier": 0.05
          },
          {
            "price1": {
              "value": "CUSTOM:SolariumSky"
            },
            "countPrice1": 8,
            "price2": {
              "value": ""
            },
            "countPrice2": 1,
            "offer": {
              "value": "CUSTOM:InfusedCrystal"
            },
            "countOffer": 1,
            "level": 1,
            "maxTrades": 25,
            "xp": 1,
            "priceMultiplier": 0.05
          },
          {
            "price1": {
              "value": "CUSTOM:SolariumSky"
            },
            "countPrice1": 12,
            "price2": {
              "value": "CUSTOM:CorrosiveTear"
            },
            "countPrice2": 5,
            "offer": {
              "value": "CUSTOM:KeyFragment3"
            },
            "countOffer": 1,
            "level": 2,
            "maxTrades": 5,
            "xp": 5,
            "priceMultiplier": 0.05
          },
          {
            "price1": {
              "value": "CUSTOM:SolariumSky"
            },
            "countPrice1": 24,
            "price2": {
              "value": "Items.PRISMARINE_CRYSTALS"
            },
            "countPrice2": 4,
            "offer": {
              "value": "CUSTOM:EnrichedPrismarine"
            },
            "countOffer": 1,
            "level": 2,
            "maxTrades": 10,
            "xp": 5,
            "priceMultiplier": 0.05
          },
          {
            "price1": {
              "value": "CUSTOM:SolariumSky"
            },
            "countPrice1": 18,
            "price2": {
              "value": "CUSTOM:NeosteelNuggets"
            },
            "countPrice2": 4,
            "offer": {
              "value": "CUSTOM:PolishingSolution"
            },
            "countOffer": 1,
            "level": 3,
            "maxTrades": 10,
            "xp": 5,
            "priceMultiplier": 0.05
          },
          {
            "price1": {
              "value": "CUSTOM:SolariumSky"
            },
            "countPrice1": 8,
            "price2": {
              "value": "Blocks.BONE_BLOCK"
            },
            "countPrice2": 2,
            "offer": {
              "value": "CUSTOM:HardenedCalcium"
            },
            "countOffer": 2,
            "level": 3,
            "maxTrades": 10,
            "xp": 5,
            "priceMultiplier": 0.05
          },
          {
            "price1": {
              "value": "CUSTOM:SolariumSky"
            },
            "countPrice1": 20,
            "price2": {
              "value": "CUSTOM:SolariumSky"
            },
            "countPrice2": 20,
            "offer": {
              "value": "CUSTOM:ReinforcedPlate"
            },
            "countOffer": 3,
            "level": 4,
            "maxTrades": 10,
            "xp": 5,
            "priceMultiplier": 0.05
          },
          {
            "price1": {
              "value": "CUSTOM:SolariumSky"
            },
            "countPrice1": 50,
            "price2": {
              "value": "CUSTOM:EnragedIron"
            },
            "countPrice2": 7,
            "offer": {
              "value": "CUSTOM:CorruptedGemstone"
            },
            "countOffer": 2,
            "level": 4,
            "maxTrades": 10,
            "xp": 5,
            "priceMultiplier": 0.05
          }
        ]
      }
    ]
  }
}