{
  "_fv": 43,
  "_type": "achievement",
  "definition": {
    "achievementName": "Super Alloy",
    "achievementDescription": "Create first Super-Alloy (Malicium)",
    "achievementIcon": {
      "value": "CUSTOM:MaliciumIngot"
    },
    "background": "Default",
    "disableDisplay": false,
    "showPopup": true,
    "announceToChat": true,
    "hideIfNotCompleted": false,
    "rewardLoot": [],
    "rewardRecipes": [],
    "rewardFunction": "No function",
    "rewardXP": 0,
    "achievementType": "goal",
    "parent": {
      "value": "CUSTOM:KeymasterAdv"
    },
    "triggerxml": "<xml xmlns=\"https://developers.google.com/blockly/xml\"><block type=\"custom_trigger\" x=\"29\" y=\"65\"><next><block type=\"advancement_trigger\" deletable=\"false\"></block></next></block></xml>"
  }
}