{
  "_fv": 43,
  "_type": "achievement",
  "definition": {
    "achievementName": "LostDepths",
    "achievementDescription": "Install LostDepths mod (LostDepths manual is important)",
    "achievementIcon": {
      "value": "CUSTOM:Advicon"
    },
    "background": "voidcutbrick.png",
    "disableDisplay": false,
    "showPopup": true,
    "announceToChat": false,
    "hideIfNotCompleted": true,
    "rewardLoot": [],
    "rewardRecipes": [],
    "rewardFunction": "No function",
    "rewardXP": 0,
    "achievementType": "task",
    "parent": {
      "value": "No parent: root"
    },
    "triggerxml": "<xml xmlns=\"https://developers.google.com/blockly/xml\"><block type=\"custom_trigger\" x=\"30\" y=\"43\"><next><block type=\"advancement_trigger\" deletable=\"false\"></block></next></block></xml>"
  }
}