{
  "_fv": 43,
  "_type": "achievement",
  "definition": {
    "achievementName": "Keymaster",
    "achievementDescription": "Create Soul Key (recipe in book)",
    "achievementIcon": {
      "value": "CUSTOM:SoulKey"
    },
    "background": "Default",
    "disableDisplay": false,
    "showPopup": true,
    "announceToChat": true,
    "hideIfNotCompleted": false,
    "rewardLoot": [],
    "rewardRecipes": [],
    "rewardFunction": "No function",
    "rewardXP": 0,
    "achievementType": "task",
    "parent": {
      "value": "CUSTOM:GettingStarted"
    },
    "triggerxml": "<xml xmlns=\"https://developers.google.com/blockly/xml\"><block type=\"custom_trigger\" x=\"83\" y=\"182\"><next><block type=\"advancement_trigger\" deletable=\"false\"></block></next></block></xml>"
  }
}