{
  "_fv": 43,
  "_type": "command",
  "definition": {
    "commandName": "lastseen",
    "permissionLevel": "1",
    "argsxml": "<xml xmlns=\"https://developers.google.com/blockly/xml\"><block type=\"args_start\" deletable=\"false\" x=\"69\" y=\"36\"><next><block type=\"entity\"><field name=\"name\">argumentData</field><field name=\"type\">player</field><statement name=\"args\"><block type=\"string\"><field name=\"type\">string</field><field name=\"name\">messageData</field><statement name=\"args\"><block type=\"call_procedure\"><field name=\"procedure\">CommandExecute</field><comment pinned=\"false\" h=\"80\" w=\"160\">This procedure needs to be specific to those arguments.</comment></block></statement><next><block type=\"call_procedure\"><field name=\"procedure\">CommandExecuteEmpty</field><comment pinned=\"false\" h=\"83\" w=\"199\">If the executed command does not have follow one of the previous path, we execute this procedure.</comment></block></next></block></statement></block></next></block></xml>"
  }
}