{
  "_fv": 43,
  "_type": "recipe",
  "definition": {
    "recipeType": "Brewing",
    "recipeRetstackSize": 1,
    "group": "",
    "cookingBookCategory": "MISC",
    "xpReward": 0.0,
    "cookingTime": 200,
    "craftingBookCategory": "MISC",
    "recipeShapeless": false,
    "brewingInputStack": {
      "value": "Items.POTIONITEM"
    },
    "brewingIngredientStack": {
      "value": "CUSTOM:MagmaCompound"
    },
    "brewingReturnStack": {
      "value": "CUSTOM:MagmaSolution"
    },
    "name": "magma_solution_r",
    "namespace": "mod"
  }
}