{
  "_fv": 43,
  "_type": "achievement",
  "definition": {
    "achievementName": "Meta-Materializer",
    "achievementDescription": "Gain Access to Tier 3 Security pass",
    "achievementIcon": {
      "value": "CUSTOM:SecurityPass3"
    },
    "background": "Default",
    "disableDisplay": false,
    "showPopup": true,
    "announceToChat": true,
    "hideIfNotCompleted": false,
    "rewardLoot": [],
    "rewardRecipes": [],
    "rewardFunction": "No function",
    "rewardXP": 0,
    "achievementType": "goal",
    "parent": {
      "value": "CUSTOM:Ruins2Adv"
    },
    "triggerxml": "<xml xmlns=\"https://developers.google.com/blockly/xml\"><block type=\"custom_trigger\" x=\"81\" y=\"141\"><next><block type=\"advancement_trigger\" deletable=\"false\"></block></next></block></xml>"
  }
}