{
  "_fv": 43,
  "_type": "recipe",
  "definition": {
    "recipeType": "Crafting",
    "recipeRetstackSize": 1,
    "group": "",
    "cookingBookCategory": "MISC",
    "xpReward": 0.0,
    "cookingTime": 200,
    "craftingBookCategory": "MISC",
    "recipeShapeless": false,
    "recipeSlots": [
      {
        "value": "CUSTOM:NeosteelIngot"
      },
      {
        "value": "CUSTOM:NeosteelIngot"
      },
      {
        "value": "CUSTOM:NeosteelIngot"
      },
      {
        "value": "CUSTOM:NeoGlass"
      },
      {
        "value": "Blocks.GLOWSTONE"
      },
      {
        "value": "CUSTOM:NeoGlass"
      },
      {
        "value": "CUSTOM:InfusedIron"
      },
      {
        "value": "CUSTOM:NeoGlass"
      },
      {
        "value": "CUSTOM:InfusedIron"
      }
    ],
    "recipeReturnStack": {
      "value": "CUSTOM:NeosteelLantern2"
    },
    "name": "neosteel_lantern_r",
    "namespace": "mod"
  }
}