{
  "_fv": 43,
  "_type": "recipe",
  "definition": {
    "recipeType": "Crafting",
    "recipeRetstackSize": 1,
    "group": "",
    "cookingBookCategory": "MISC",
    "xpReward": 0.0,
    "cookingTime": 200,
    "craftingBookCategory": "MISC",
    "recipeShapeless": false,
    "recipeSlots": [
      {
        "value": "CUSTOM:CryzuliteIngot"
      },
      {
        "value": "CUSTOM:EnderVoltaicSolution"
      },
      {
        "value": "CUSTOM:CryzuliteIngot"
      },
      {
        "value": "CUSTOM:ReinforcedPlate"
      },
      {
        "value": "CUSTOM:VibrantCapacitor"
      },
      {
        "value": "CUSTOM:ReinforcedPlate"
      },
      {
        "value": "CUSTOM:ReinforcedPlate"
      },
      {
        "value": "CUSTOM:PowerCharge"
      },
      {
        "value": "CUSTOM:ReinforcedPlate"
      }
    ],
    "recipeReturnStack": {
      "value": "CUSTOM:PowerSupplyModule"
    },
    "name": "power_supply_module_r",
    "namespace": "mod"
  }
}