{
  "_fv": 43,
  "_type": "tool",
  "definition": {
    "renderType": 0,
    "texture": "rod_of_transformation_green",
    "customModelName": "Normal",
    "name": "§2Rod of Transformation",
    "specialInfo": [
      "§3Convert mobs into",
      "§3aggressive variant",
      "§3after (right click)"
    ],
    "creativeTab": {
      "value": "CUSTOM:LDTools"
    },
    "toolType": "Sword",
    "harvestLevel": 0,
    "efficiency": 0.0,
    "attackSpeed": 5.0,
    "enchantability": 2,
    "damageVsEntity": 0.0,
    "usageCount": 0,
    "blocksAffected": [],
    "hasGlow": false,
    "repairItems": [],
    "immuneToFire": true,
    "stayInGridWhenCrafting": false,
    "damageOnCrafting": false
  }
}