{
  "_fv": 43,
  "_type": "rangeditem",
  "definition": {
    "renderType": 0,
    "texture": "devstick",
    "customModelName": "Normal",
    "name": "Shooter",
    "specialInfo": [],
    "creativeTab": {
      "value": "No creative tab entry"
    },
    "stackSize": 1,
    "ammoItem": {
      "value": ""
    },
    "shootConstantly": false,
    "usageCount": 100,
    "actionSound": {
      "value": "entity.enderdragon.shoot"
    },
    "hasGlow": false,
    "animation": "none",
    "enableMeleeDamage": false,
    "damageVsEntity": 0.0,
    "bulletPower": 5.0,
    "bulletDamage": 30.0,
    "bulletKnockback": 10,
    "bulletParticles": false,
    "bulletIgnitesFire": false,
    "bulletItemTexture": {
      "value": "CUSTOM:CosmicFireball"
    },
    "bulletModel": "Default",
    "customBulletModelTexture": "",
    "onBulletHitsBlock": {
      "name": "ShooterHProjectileHitsBlock"
    }
  }
}