{
  "_fv": 43,
  "_type": "achievement",
  "definition": {
    "achievementName": "Cosmic Workstation",
    "achievementDescription": "Craft Cosmic Workstation",
    "achievementIcon": {
      "value": "CUSTOM:Workstation1"
    },
    "background": "Default",
    "disableDisplay": false,
    "showPopup": true,
    "announceToChat": true,
    "hideIfNotCompleted": false,
    "rewardLoot": [],
    "rewardRecipes": [],
    "rewardFunction": "No function",
    "rewardXP": 5,
    "achievementType": "task",
    "parent": {
      "value": "CUSTOM:GettingStarted"
    },
    "triggerxml": "<xml xmlns=\"https://developers.google.com/blockly/xml\"><block type=\"block_placed\" x=\"40\" y=\"54\"><value name=\"block\"><block type=\"mcitem_allblocks\"><field name=\"value\">CUSTOM:Workstation1</field></block></value><next><block type=\"advancement_trigger\" deletable=\"false\"></block></next></block></xml>"
  }
}