{
	"texture_size": [128, 128],
	"textures": {
		"0": "block/crystallizer",
		"particle": "block/crystallizer"
	},
	"elements": [
		{
			"from": [3.25, 0, 3.25],
			"to": [12.75, 3, 12.75],
			"rotation": {"angle": 0, "axis": "y", "origin": [8, 1.5, 8]},
			"faces": {
				"north": {"uv": [6.125, 4.125, 7.3125, 4.5], "texture": "#0"},
				"east": {"uv": [6.125, 4.5, 7.3125, 4.875], "texture": "#0"},
				"south": {"uv": [4.875, 6.25, 6.0625, 6.625], "texture": "#0"},
				"west": {"uv": [6.125, 6.25, 7.3125, 6.625], "texture": "#0"},
				"up": {"uv": [5.1875, 5.1875, 4, 4], "texture": "#0"},
				"down": {"uv": [6.0625, 0, 4.875, 1.1875], "texture": "#0"}
			}
		},
		{
			"from": [2, 1, 4.25],
			"to": [14, 5, 5.75],
			"rotation": {"angle": 0, "axis": "y", "origin": [8, 1.5, 8]},
			"faces": {
				"north": {"uv": [5.25, 4.875, 6.75, 5.375], "texture": "#0"},
				"east": {"uv": [7.375, 4.5, 7.5625, 5], "texture": "#0"},
				"south": {"uv": [5.25, 5.375, 6.75, 5.875], "texture": "#0"},
				"west": {"uv": [4.875, 7.375, 5.0625, 7.875], "texture": "#0"},
				"up": {"uv": [7.375, 6.8125, 5.875, 6.625], "texture": "#0"},
				"down": {"uv": [8.25, 1.875, 6.75, 2.0625], "texture": "#0"}
			}
		},
		{
			"from": [2, 1, 10.25],
			"to": [14, 5, 11.75],
			"rotation": {"angle": 0, "axis": "y", "origin": [8, 1.5, 8]},
			"faces": {
				"north": {"uv": [6.75, 5.375, 5.25, 5.875], "texture": "#0"},
				"east": {"uv": [7.5625, 4.5, 7.375, 5], "texture": "#0"},
				"south": {"uv": [6.75, 4.875, 5.25, 5.375], "texture": "#0"},
				"west": {"uv": [5.0625, 7.375, 4.875, 7.875], "texture": "#0"},
				"up": {"uv": [7.375, 6.625, 5.875, 6.8125], "texture": "#0"},
				"down": {"uv": [8.25, 2.0625, 6.75, 1.875], "texture": "#0"}
			}
		},
		{
			"from": [10.25, 1, 2],
			"to": [11.75, 5, 14],
			"rotation": {"angle": 0, "axis": "y", "origin": [8, 1.5, 8]},
			"faces": {
				"north": {"uv": [7.375, 5, 7.5625, 5.5], "texture": "#0"},
				"east": {"uv": [5.5, 2.75, 7, 3.25], "texture": "#0"},
				"south": {"uv": [5.125, 7.375, 5.3125, 7.875], "texture": "#0"},
				"west": {"uv": [5.5, 3.25, 7, 3.75], "texture": "#0"},
				"up": {"uv": [6.0625, 8.375, 5.875, 6.875], "texture": "#0"},
				"down": {"uv": [6.3125, 6.875, 6.125, 8.375], "texture": "#0"}
			}
		},
		{
			"from": [4.25, 1, 2],
			"to": [5.75, 5, 14],
			"rotation": {"angle": 0, "axis": "y", "origin": [8, 1.5, 8]},
			"faces": {
				"north": {"uv": [7.5625, 5, 7.375, 5.5], "texture": "#0"},
				"east": {"uv": [7, 3.25, 5.5, 3.75], "texture": "#0"},
				"south": {"uv": [5.3125, 7.375, 5.125, 7.875], "texture": "#0"},
				"west": {"uv": [7, 2.75, 5.5, 3.25], "texture": "#0"},
				"up": {"uv": [5.875, 8.375, 6.0625, 6.875], "texture": "#0"},
				"down": {"uv": [6.125, 6.875, 6.3125, 8.375], "texture": "#0"}
			}
		},
		{
			"from": [5.5, 30, 5.5],
			"to": [10.5, 31, 10.5],
			"rotation": {"angle": 45, "axis": "y", "origin": [8, 1.5, 8]},
			"faces": {
				"north": {"uv": [7.25, 0.375, 7.875, 0.5], "texture": "#0"},
				"east": {"uv": [7.25, 1.625, 7.875, 1.75], "texture": "#0"},
				"south": {"uv": [7.375, 5.5, 8, 5.625], "texture": "#0"},
				"west": {"uv": [7.375, 6.25, 8, 6.375], "texture": "#0"},
				"up": {"uv": [0.625, 6.125, 0, 5.5], "texture": "#0"},
				"down": {"uv": [7, 1.25, 6.375, 1.875], "texture": "#0"}
			}
		},
		{
			"from": [2.25, 30, 4],
			"to": [13.75, 30.5, 12],
			"rotation": {"angle": 0, "axis": "y", "origin": [8, 1.5, 8]},
			"faces": {
				"north": {"uv": [7, 3.5, 8.4375, 3.5625], "texture": "#0"},
				"east": {"uv": [7.5, 6.875, 8.5, 6.9375], "texture": "#0"},
				"south": {"uv": [7, 3.625, 8.4375, 3.6875], "texture": "#0"},
				"west": {"uv": [7.5, 7, 8.5, 7.0625], "texture": "#0"},
				"up": {"uv": [5.1875, 3, 3.75, 2], "texture": "#0"},
				"down": {"uv": [5.4375, 3, 4, 4], "texture": "#0"}
			}
		},
		{
			"from": [0.25, 27, 2.25],
			"to": [15.75, 30, 13.75],
			"rotation": {"angle": 0, "axis": "y", "origin": [8, 1.5, 8]},
			"faces": {
				"north": {"uv": [5.25, 5.875, 7.1875, 6.25], "texture": "#0"},
				"east": {"uv": [6.125, 0.875, 7.5625, 1.25], "texture": "#0"},
				"south": {"uv": [0, 6.125, 1.9375, 6.5], "texture": "#0"},
				"west": {"uv": [6.125, 3.75, 7.5625, 4.125], "texture": "#0"},
				"up": {"uv": [3.6875, 1.4375, 1.75, 0], "texture": "#0"},
				"down": {"uv": [3.6875, 1.5, 1.75, 2.9375], "texture": "#0"}
			}
		},
		{
			"from": [1.25, 28, 1.75],
			"to": [14.75, 29, 14.25],
			"rotation": {"angle": 0, "axis": "y", "origin": [8, 1.5, 8]},
			"faces": {
				"north": {"uv": [6.75, 2.125, 8.4375, 2.25], "texture": "#0"},
				"east": {"uv": [6.75, 2.25, 8.4375, 2.375], "texture": "#0"},
				"south": {"uv": [6.75, 2.375, 8.4375, 2.5], "texture": "#0"},
				"west": {"uv": [6.75, 2.5, 8.4375, 2.625], "texture": "#0"},
				"up": {"uv": [1.6875, 1.6875, 0, 0], "texture": "#0"},
				"down": {"uv": [1.6875, 1.75, 0, 3.4375], "texture": "#0"}
			}
		},
		{
			"from": [4.5, 26, 4.5],
			"to": [11.5, 27, 11.5],
			"rotation": {"angle": 45, "axis": "y", "origin": [8, 1.5, 8]},
			"faces": {
				"north": {"uv": [6.75, 5.75, 7.625, 5.875], "texture": "#0"},
				"east": {"uv": [7, 0.5, 7.875, 0.625], "texture": "#0"},
				"south": {"uv": [7, 0.625, 7.875, 0.75], "texture": "#0"},
				"west": {"uv": [7, 0.75, 7.875, 0.875], "texture": "#0"},
				"up": {"uv": [6.125, 4.875, 5.25, 4], "texture": "#0"},
				"down": {"uv": [5.25, 5.25, 4.375, 6.125], "texture": "#0"}
			}
		},
		{
			"from": [6.5, 25, 6.5],
			"to": [9.5, 26, 9.5],
			"rotation": {"angle": 0, "axis": "y", "origin": [8, 5.5, 8]},
			"faces": {
				"north": {"uv": [4.875, 6.125, 5.25, 6.25], "texture": "#0"},
				"east": {"uv": [6.375, 1.875, 6.75, 2], "texture": "#0"},
				"south": {"uv": [7.5, 7.375, 7.875, 7.5], "texture": "#0"},
				"west": {"uv": [7.5, 7.5, 7.875, 7.625], "texture": "#0"},
				"up": {"uv": [1, 5.875, 0.625, 5.5], "texture": "#0"},
				"down": {"uv": [6.75, 6.875, 6.375, 7.25], "texture": "#0"}
			}
		},
		{
			"from": [5.5, 23.75, 5.5],
			"to": [10.5, 25, 10.5],
			"rotation": {"angle": 45, "axis": "y", "origin": [8, 5.5, 8]},
			"faces": {
				"north": {"uv": [7.375, 6.375, 8, 6.5], "texture": "#0"},
				"east": {"uv": [7.375, 6.5, 8, 6.625], "texture": "#0"},
				"south": {"uv": [7.375, 6.625, 8, 6.75], "texture": "#0"},
				"west": {"uv": [7.375, 6.75, 8, 6.875], "texture": "#0"},
				"up": {"uv": [1.375, 7.125, 0.75, 6.5], "texture": "#0"},
				"down": {"uv": [2, 6.5, 1.375, 7.125], "texture": "#0"}
			}
		},
		{
			"from": [6.5, 6, 6.5],
			"to": [9.5, 7, 9.5],
			"rotation": {"angle": 0, "axis": "y", "origin": [8, 26.5, 8]},
			"faces": {
				"north": {"uv": [4.875, 6.25, 5.25, 6.125], "texture": "#0"},
				"east": {"uv": [6.375, 2, 6.75, 1.875], "texture": "#0"},
				"south": {"uv": [7.5, 7.5, 7.875, 7.375], "texture": "#0"},
				"west": {"uv": [7.5, 7.625, 7.875, 7.5], "texture": "#0"},
				"up": {"uv": [6.75, 7.25, 6.375, 6.875], "texture": "#0"},
				"down": {"uv": [1, 5.5, 0.625, 5.875], "texture": "#0"}
			}
		},
		{
			"from": [5.5, 7, 5.5],
			"to": [10.5, 8.25, 10.5],
			"rotation": {"angle": 45, "axis": "y", "origin": [8, 26.5, 8]},
			"faces": {
				"north": {"uv": [7.375, 6.5, 8, 6.375], "texture": "#0"},
				"east": {"uv": [7.375, 6.625, 8, 6.5], "texture": "#0"},
				"south": {"uv": [7.375, 6.75, 8, 6.625], "texture": "#0"},
				"west": {"uv": [7.375, 6.875, 8, 6.75], "texture": "#0"},
				"up": {"uv": [2, 7.125, 1.375, 6.5], "texture": "#0"},
				"down": {"uv": [1.375, 6.5, 0.75, 7.125], "texture": "#0"}
			}
		},
		{
			"from": [4.75, 5, 4.75],
			"to": [11.25, 6, 11.25],
			"rotation": {"angle": 0, "axis": "y", "origin": [8, 27.5, 8]},
			"faces": {
				"north": {"uv": [7, 1.75, 7.8125, 1.875], "texture": "#0"},
				"east": {"uv": [7, 2.75, 7.8125, 2.875], "texture": "#0"},
				"south": {"uv": [7, 2.875, 7.8125, 3], "texture": "#0"},
				"west": {"uv": [7, 3, 7.8125, 3.125], "texture": "#0"},
				"up": {"uv": [6.9375, 0.8125, 6.125, 0], "texture": "#0"},
				"down": {"uv": [2.8125, 6.125, 2, 6.9375], "texture": "#0"}
			}
		},
		{
			"from": [13.5, 6, 3.25],
			"to": [15, 29, 6.75],
			"rotation": {"angle": 0, "axis": "y", "origin": [8, 1.5, 8]},
			"faces": {
				"north": {"uv": [4.375, 6.125, 4.5625, 9], "texture": "#0"},
				"east": {"uv": [3.375, 5, 3.8125, 7.875], "texture": "#0"},
				"south": {"uv": [4.625, 6.125, 4.8125, 9], "texture": "#0"},
				"west": {"uv": [3.875, 5.25, 4.3125, 8.125], "texture": "#0"},
				"up": {"uv": [5.5625, 7.8125, 5.375, 7.375], "texture": "#0"},
				"down": {"uv": [5.8125, 7.375, 5.625, 7.8125], "texture": "#0"}
			}
		},
		{
			"from": [13.5, 6, 9.25],
			"to": [15, 29, 12.75],
			"rotation": {"angle": 0, "axis": "y", "origin": [8, 1.5, 8]},
			"faces": {
				"north": {"uv": [4.8125, 6.125, 4.625, 9], "texture": "#0"},
				"east": {"uv": [3.8125, 5, 3.375, 7.875], "texture": "#0"},
				"south": {"uv": [4.5625, 6.125, 4.375, 9], "texture": "#0"},
				"west": {"uv": [4.3125, 5.25, 3.875, 8.125], "texture": "#0"},
				"up": {"uv": [5.5625, 7.375, 5.375, 7.8125], "texture": "#0"},
				"down": {"uv": [5.8125, 7.8125, 5.625, 7.375], "texture": "#0"}
			}
		},
		{
			"from": [12.5, 0, 2.25],
			"to": [16, 6, 13.75],
			"rotation": {"angle": 0, "axis": "y", "origin": [8, 1.5, 8]},
			"faces": {
				"north": {"uv": [4.875, 6.625, 5.3125, 7.375], "texture": "#0"},
				"east": {"uv": [4.875, 1.25, 6.3125, 2], "texture": "#0"},
				"south": {"uv": [5.375, 6.625, 5.8125, 7.375], "texture": "#0"},
				"west": {"uv": [5.25, 2, 6.6875, 2.75], "texture": "#0"},
				"up": {"uv": [1.5625, 4.9375, 1.125, 3.5], "texture": "#0"},
				"down": {"uv": [3.3125, 6.125, 2.875, 7.5625], "texture": "#0"}
			}
		},
		{
			"from": [13, 7, 2.75],
			"to": [15.5, 8, 13.25],
			"rotation": {"angle": 0, "axis": "y", "origin": [8, 1.5, 8]},
			"faces": {
				"north": {"uv": [7.625, 0.25, 7.9375, 0.375], "texture": "#0"},
				"east": {"uv": [6.75, 2.625, 8.0625, 2.75], "texture": "#0"},
				"south": {"uv": [7.625, 0.875, 7.9375, 1], "texture": "#0"},
				"west": {"uv": [6.75, 5.625, 8.0625, 5.75], "texture": "#0"},
				"up": {"uv": [0.3125, 7.8125, 0, 6.5], "texture": "#0"},
				"down": {"uv": [0.6875, 6.5, 0.375, 7.8125], "texture": "#0"}
			}
		},
		{
			"from": [13, 9, 2.75],
			"to": [15.5, 10, 13.25],
			"rotation": {"angle": 0, "axis": "y", "origin": [8, 1.5, 8]},
			"faces": {
				"north": {"uv": [7.625, 0.25, 7.9375, 0.375], "texture": "#0"},
				"east": {"uv": [6.75, 2.625, 8.0625, 2.75], "texture": "#0"},
				"south": {"uv": [7.625, 0.875, 7.9375, 1], "texture": "#0"},
				"west": {"uv": [6.75, 5.625, 8.0625, 5.75], "texture": "#0"},
				"up": {"uv": [0.3125, 7.8125, 0, 6.5], "texture": "#0"},
				"down": {"uv": [0.6875, 6.5, 0.375, 7.8125], "texture": "#0"}
			}
		},
		{
			"from": [13, 11, 2.75],
			"to": [15.5, 12, 13.25],
			"rotation": {"angle": 0, "axis": "y", "origin": [8, 1.5, 8]},
			"faces": {
				"north": {"uv": [7.625, 0.25, 7.9375, 0.375], "texture": "#0"},
				"east": {"uv": [6.75, 2.625, 8.0625, 2.75], "texture": "#0"},
				"south": {"uv": [7.625, 0.875, 7.9375, 1], "texture": "#0"},
				"west": {"uv": [6.75, 5.625, 8.0625, 5.75], "texture": "#0"},
				"up": {"uv": [0.3125, 7.8125, 0, 6.5], "texture": "#0"},
				"down": {"uv": [0.6875, 6.5, 0.375, 7.8125], "texture": "#0"}
			}
		},
		{
			"from": [13, 13, 2.75],
			"to": [15.5, 14, 13.25],
			"rotation": {"angle": 0, "axis": "y", "origin": [8, 1.5, 8]},
			"faces": {
				"north": {"uv": [7.625, 0.25, 7.9375, 0.375], "texture": "#0"},
				"east": {"uv": [6.75, 2.625, 8.0625, 2.75], "texture": "#0"},
				"south": {"uv": [7.625, 0.875, 7.9375, 1], "texture": "#0"},
				"west": {"uv": [6.75, 5.625, 8.0625, 5.75], "texture": "#0"},
				"up": {"uv": [0.3125, 7.8125, 0, 6.5], "texture": "#0"},
				"down": {"uv": [0.6875, 6.5, 0.375, 7.8125], "texture": "#0"}
			}
		},
		{
			"from": [13, 15, 2.75],
			"to": [15.5, 16, 13.25],
			"rotation": {"angle": 0, "axis": "y", "origin": [8, 1.5, 8]},
			"faces": {
				"north": {"uv": [7.625, 0.25, 7.9375, 0.375], "texture": "#0"},
				"east": {"uv": [6.75, 2.625, 8.0625, 2.75], "texture": "#0"},
				"south": {"uv": [7.625, 0.875, 7.9375, 1], "texture": "#0"},
				"west": {"uv": [6.75, 5.625, 8.0625, 5.75], "texture": "#0"},
				"up": {"uv": [0.3125, 7.8125, 0, 6.5], "texture": "#0"},
				"down": {"uv": [0.6875, 6.5, 0.375, 7.8125], "texture": "#0"}
			}
		},
		{
			"from": [13, 17, 2.75],
			"to": [15.5, 18, 13.25],
			"rotation": {"angle": 0, "axis": "y", "origin": [8, 1.5, 8]},
			"faces": {
				"north": {"uv": [7.625, 0.25, 7.9375, 0.375], "texture": "#0"},
				"east": {"uv": [6.75, 2.625, 8.0625, 2.75], "texture": "#0"},
				"south": {"uv": [7.625, 0.875, 7.9375, 1], "texture": "#0"},
				"west": {"uv": [6.75, 5.625, 8.0625, 5.75], "texture": "#0"},
				"up": {"uv": [0.3125, 7.8125, 0, 6.5], "texture": "#0"},
				"down": {"uv": [0.6875, 6.5, 0.375, 7.8125], "texture": "#0"}
			}
		},
		{
			"from": [13, 19, 2.75],
			"to": [15.5, 20, 13.25],
			"rotation": {"angle": 0, "axis": "y", "origin": [8, 1.5, 8]},
			"faces": {
				"north": {"uv": [7.625, 0.25, 7.9375, 0.375], "texture": "#0"},
				"east": {"uv": [6.75, 2.625, 8.0625, 2.75], "texture": "#0"},
				"south": {"uv": [7.625, 0.875, 7.9375, 1], "texture": "#0"},
				"west": {"uv": [6.75, 5.625, 8.0625, 5.75], "texture": "#0"},
				"up": {"uv": [0.3125, 7.8125, 0, 6.5], "texture": "#0"},
				"down": {"uv": [0.6875, 6.5, 0.375, 7.8125], "texture": "#0"}
			}
		},
		{
			"from": [13, 21, 2.75],
			"to": [15.5, 22, 13.25],
			"rotation": {"angle": 0, "axis": "y", "origin": [8, 1.5, 8]},
			"faces": {
				"north": {"uv": [7.625, 0.25, 7.9375, 0.375], "texture": "#0"},
				"east": {"uv": [6.75, 2.625, 8.0625, 2.75], "texture": "#0"},
				"south": {"uv": [7.625, 0.875, 7.9375, 1], "texture": "#0"},
				"west": {"uv": [6.75, 5.625, 8.0625, 5.75], "texture": "#0"},
				"up": {"uv": [0.3125, 7.8125, 0, 6.5], "texture": "#0"},
				"down": {"uv": [0.6875, 6.5, 0.375, 7.8125], "texture": "#0"}
			}
		},
		{
			"from": [13, 23, 2.75],
			"to": [15.5, 24, 13.25],
			"rotation": {"angle": 0, "axis": "y", "origin": [8, 1.5, 8]},
			"faces": {
				"north": {"uv": [7.625, 0.25, 7.9375, 0.375], "texture": "#0"},
				"east": {"uv": [6.75, 2.625, 8.0625, 2.75], "texture": "#0"},
				"south": {"uv": [7.625, 0.875, 7.9375, 1], "texture": "#0"},
				"west": {"uv": [6.75, 5.625, 8.0625, 5.75], "texture": "#0"},
				"up": {"uv": [0.3125, 7.8125, 0, 6.5], "texture": "#0"},
				"down": {"uv": [0.6875, 6.5, 0.375, 7.8125], "texture": "#0"}
			}
		},
		{
			"from": [13, 25, 2.75],
			"to": [15.5, 26, 13.25],
			"rotation": {"angle": 0, "axis": "y", "origin": [8, 1.5, 8]},
			"faces": {
				"north": {"uv": [7.625, 0.25, 7.9375, 0.375], "texture": "#0"},
				"east": {"uv": [6.75, 2.625, 8.0625, 2.75], "texture": "#0"},
				"south": {"uv": [7.625, 0.875, 7.9375, 1], "texture": "#0"},
				"west": {"uv": [6.75, 5.625, 8.0625, 5.75], "texture": "#0"},
				"up": {"uv": [0.3125, 7.8125, 0, 6.5], "texture": "#0"},
				"down": {"uv": [0.6875, 6.5, 0.375, 7.8125], "texture": "#0"}
			}
		},
		{
			"from": [1, 6, 3.25],
			"to": [2.5, 29, 6.75],
			"rotation": {"angle": 0, "axis": "y", "origin": [8, 1.5, 8]},
			"faces": {
				"north": {"uv": [4.5625, 6.125, 4.375, 9], "texture": "#0"},
				"east": {"uv": [4.3125, 5.25, 3.875, 8.125], "texture": "#0"},
				"south": {"uv": [4.8125, 6.125, 4.625, 9], "texture": "#0"},
				"west": {"uv": [3.8125, 5, 3.375, 7.875], "texture": "#0"},
				"up": {"uv": [5.375, 7.8125, 5.5625, 7.375], "texture": "#0"},
				"down": {"uv": [5.625, 7.375, 5.8125, 7.8125], "texture": "#0"}
			}
		},
		{
			"from": [1, 6, 9.25],
			"to": [2.5, 29, 12.75],
			"rotation": {"angle": 0, "axis": "y", "origin": [8, 1.5, 8]},
			"faces": {
				"north": {"uv": [4.625, 6.125, 4.8125, 9], "texture": "#0"},
				"east": {"uv": [3.875, 5.25, 4.3125, 8.125], "texture": "#0"},
				"south": {"uv": [4.375, 6.125, 4.5625, 9], "texture": "#0"},
				"west": {"uv": [3.375, 5, 3.8125, 7.875], "texture": "#0"},
				"up": {"uv": [5.375, 7.375, 5.5625, 7.8125], "texture": "#0"},
				"down": {"uv": [5.625, 7.8125, 5.8125, 7.375], "texture": "#0"}
			}
		},
		{
			"from": [0, 0, 2.25],
			"to": [3.5, 6, 13.75],
			"rotation": {"angle": 0, "axis": "y", "origin": [8, 1.5, 8]},
			"faces": {
				"north": {"uv": [5.3125, 6.625, 4.875, 7.375], "texture": "#0"},
				"east": {"uv": [6.6875, 2, 5.25, 2.75], "texture": "#0"},
				"south": {"uv": [5.8125, 6.625, 5.375, 7.375], "texture": "#0"},
				"west": {"uv": [6.3125, 1.25, 4.875, 2], "texture": "#0"},
				"up": {"uv": [1.125, 4.9375, 1.5625, 3.5], "texture": "#0"},
				"down": {"uv": [2.875, 6.125, 3.3125, 7.5625], "texture": "#0"}
			}
		},
		{
			"from": [0.5, 7, 2.75],
			"to": [3, 8, 13.25],
			"rotation": {"angle": 0, "axis": "y", "origin": [8, 1.5, 8]},
			"faces": {
				"north": {"uv": [7.9375, 0.25, 7.625, 0.375], "texture": "#0"},
				"east": {"uv": [8.0625, 5.625, 6.75, 5.75], "texture": "#0"},
				"south": {"uv": [7.9375, 0.875, 7.625, 1], "texture": "#0"},
				"west": {"uv": [8.0625, 2.625, 6.75, 2.75], "texture": "#0"},
				"up": {"uv": [0, 7.8125, 0.3125, 6.5], "texture": "#0"},
				"down": {"uv": [0.375, 6.5, 0.6875, 7.8125], "texture": "#0"}
			}
		},
		{
			"from": [0.5, 9, 2.75],
			"to": [3, 10, 13.25],
			"rotation": {"angle": 0, "axis": "y", "origin": [8, 1.5, 8]},
			"faces": {
				"north": {"uv": [7.9375, 0.25, 7.625, 0.375], "texture": "#0"},
				"east": {"uv": [8.0625, 5.625, 6.75, 5.75], "texture": "#0"},
				"south": {"uv": [7.9375, 0.875, 7.625, 1], "texture": "#0"},
				"west": {"uv": [8.0625, 2.625, 6.75, 2.75], "texture": "#0"},
				"up": {"uv": [0, 7.8125, 0.3125, 6.5], "texture": "#0"},
				"down": {"uv": [0.375, 6.5, 0.6875, 7.8125], "texture": "#0"}
			}
		},
		{
			"from": [0.5, 11, 2.75],
			"to": [3, 12, 13.25],
			"rotation": {"angle": 0, "axis": "y", "origin": [8, 1.5, 8]},
			"faces": {
				"north": {"uv": [7.9375, 0.25, 7.625, 0.375], "texture": "#0"},
				"east": {"uv": [8.0625, 5.625, 6.75, 5.75], "texture": "#0"},
				"south": {"uv": [7.9375, 0.875, 7.625, 1], "texture": "#0"},
				"west": {"uv": [8.0625, 2.625, 6.75, 2.75], "texture": "#0"},
				"up": {"uv": [0, 7.8125, 0.3125, 6.5], "texture": "#0"},
				"down": {"uv": [0.375, 6.5, 0.6875, 7.8125], "texture": "#0"}
			}
		},
		{
			"from": [0.5, 13, 2.75],
			"to": [3, 14, 13.25],
			"rotation": {"angle": 0, "axis": "y", "origin": [8, 1.5, 8]},
			"faces": {
				"north": {"uv": [7.9375, 0.25, 7.625, 0.375], "texture": "#0"},
				"east": {"uv": [8.0625, 5.625, 6.75, 5.75], "texture": "#0"},
				"south": {"uv": [7.9375, 0.875, 7.625, 1], "texture": "#0"},
				"west": {"uv": [8.0625, 2.625, 6.75, 2.75], "texture": "#0"},
				"up": {"uv": [0, 7.8125, 0.3125, 6.5], "texture": "#0"},
				"down": {"uv": [0.375, 6.5, 0.6875, 7.8125], "texture": "#0"}
			}
		},
		{
			"from": [0.5, 15, 2.75],
			"to": [3, 16, 13.25],
			"rotation": {"angle": 0, "axis": "y", "origin": [8, 1.5, 8]},
			"faces": {
				"north": {"uv": [7.9375, 0.25, 7.625, 0.375], "texture": "#0"},
				"east": {"uv": [8.0625, 5.625, 6.75, 5.75], "texture": "#0"},
				"south": {"uv": [7.9375, 0.875, 7.625, 1], "texture": "#0"},
				"west": {"uv": [8.0625, 2.625, 6.75, 2.75], "texture": "#0"},
				"up": {"uv": [0, 7.8125, 0.3125, 6.5], "texture": "#0"},
				"down": {"uv": [0.375, 6.5, 0.6875, 7.8125], "texture": "#0"}
			}
		},
		{
			"from": [0.5, 17, 2.75],
			"to": [3, 18, 13.25],
			"rotation": {"angle": 0, "axis": "y", "origin": [8, 1.5, 8]},
			"faces": {
				"north": {"uv": [7.9375, 0.25, 7.625, 0.375], "texture": "#0"},
				"east": {"uv": [8.0625, 5.625, 6.75, 5.75], "texture": "#0"},
				"south": {"uv": [7.9375, 0.875, 7.625, 1], "texture": "#0"},
				"west": {"uv": [8.0625, 2.625, 6.75, 2.75], "texture": "#0"},
				"up": {"uv": [0, 7.8125, 0.3125, 6.5], "texture": "#0"},
				"down": {"uv": [0.375, 6.5, 0.6875, 7.8125], "texture": "#0"}
			}
		},
		{
			"from": [0.5, 19, 2.75],
			"to": [3, 20, 13.25],
			"rotation": {"angle": 0, "axis": "y", "origin": [8, 1.5, 8]},
			"faces": {
				"north": {"uv": [7.9375, 0.25, 7.625, 0.375], "texture": "#0"},
				"east": {"uv": [8.0625, 5.625, 6.75, 5.75], "texture": "#0"},
				"south": {"uv": [7.9375, 0.875, 7.625, 1], "texture": "#0"},
				"west": {"uv": [8.0625, 2.625, 6.75, 2.75], "texture": "#0"},
				"up": {"uv": [0, 7.8125, 0.3125, 6.5], "texture": "#0"},
				"down": {"uv": [0.375, 6.5, 0.6875, 7.8125], "texture": "#0"}
			}
		},
		{
			"from": [0.5, 21, 2.75],
			"to": [3, 22, 13.25],
			"rotation": {"angle": 0, "axis": "y", "origin": [8, 1.5, 8]},
			"faces": {
				"north": {"uv": [7.9375, 0.25, 7.625, 0.375], "texture": "#0"},
				"east": {"uv": [8.0625, 5.625, 6.75, 5.75], "texture": "#0"},
				"south": {"uv": [7.9375, 0.875, 7.625, 1], "texture": "#0"},
				"west": {"uv": [8.0625, 2.625, 6.75, 2.75], "texture": "#0"},
				"up": {"uv": [0, 7.8125, 0.3125, 6.5], "texture": "#0"},
				"down": {"uv": [0.375, 6.5, 0.6875, 7.8125], "texture": "#0"}
			}
		},
		{
			"from": [0.5, 23, 2.75],
			"to": [3, 24, 13.25],
			"rotation": {"angle": 0, "axis": "y", "origin": [8, 1.5, 8]},
			"faces": {
				"north": {"uv": [7.9375, 0.25, 7.625, 0.375], "texture": "#0"},
				"east": {"uv": [8.0625, 5.625, 6.75, 5.75], "texture": "#0"},
				"south": {"uv": [7.9375, 0.875, 7.625, 1], "texture": "#0"},
				"west": {"uv": [8.0625, 2.625, 6.75, 2.75], "texture": "#0"},
				"up": {"uv": [0, 7.8125, 0.3125, 6.5], "texture": "#0"},
				"down": {"uv": [0.375, 6.5, 0.6875, 7.8125], "texture": "#0"}
			}
		},
		{
			"from": [0.5, 25, 2.75],
			"to": [3, 26, 13.25],
			"rotation": {"angle": 0, "axis": "y", "origin": [8, 1.5, 8]},
			"faces": {
				"north": {"uv": [7.9375, 0.25, 7.625, 0.375], "texture": "#0"},
				"east": {"uv": [8.0625, 5.625, 6.75, 5.75], "texture": "#0"},
				"south": {"uv": [7.9375, 0.875, 7.625, 1], "texture": "#0"},
				"west": {"uv": [8.0625, 2.625, 6.75, 2.75], "texture": "#0"},
				"up": {"uv": [0, 7.8125, 0.3125, 6.5], "texture": "#0"},
				"down": {"uv": [0.375, 6.5, 0.6875, 7.8125], "texture": "#0"}
			}
		},
		{
			"from": [6.67003, -2.54534, 3.94717],
			"to": [9.19723, 0.04426, 6.47437],
			"rotation": {"angle": 45, "axis": "x", "origin": [14.95363, 3.62446, 9.89077]},
			"faces": {
				"north": {"uv": [7, 3.125, 7.3125, 3.4375], "texture": "#0"},
				"east": {"uv": [0.875, 7.125, 1.1875, 7.4375], "texture": "#0"},
				"south": {"uv": [1.25, 7.125, 1.5625, 7.4375], "texture": "#0"},
				"west": {"uv": [1.625, 7.125, 1.9375, 7.4375], "texture": "#0"},
				"up": {"uv": [7.4375, 7.1875, 7.125, 6.875], "texture": "#0"},
				"down": {"uv": [7.5625, 0, 7.25, 0.3125], "texture": "#0"}
			}
		},
		{
			"from": [7.4472, 3.79075, 1.71871],
			"to": [8.4144, 10.05035, 2.68591],
			"rotation": {"angle": 0, "axis": "x", "origin": [7.9308, 7.17018, 1.72477]},
			"faces": {
				"north": {"uv": [2.625, 7, 2.75, 7.8125], "texture": "#0"},
				"east": {"uv": [2.75, 7, 2.875, 7.8125], "texture": "#0"},
				"south": {"uv": [7, 6.875, 7.125, 7.6875], "texture": "#0"},
				"west": {"uv": [0.75, 7.125, 0.875, 7.9375], "texture": "#0"},
				"up": {"uv": [1.125, 5.875, 1, 5.75], "texture": "#0"},
				"down": {"uv": [0.625, 7.875, 0.5, 8], "texture": "#0"}
			}
		},
		{
			"from": [7.2054, 9.50584, 1.08582],
			"to": [8.6562, 10.95664, 2.78662],
			"rotation": {"angle": -22.5, "axis": "x", "origin": [7.9308, 10.23124, 1.96722]},
			"faces": {
				"north": {"uv": [5.25, 2.75, 5.4375, 2.9375], "texture": "#0"},
				"east": {"uv": [6.75, 7.375, 6.9375, 7.5625], "texture": "#0"},
				"south": {"uv": [2, 7.5, 2.1875, 7.6875], "texture": "#0"},
				"west": {"uv": [2.875, 7.625, 3.0625, 7.8125], "texture": "#0"},
				"up": {"uv": [3.3125, 7.8125, 3.125, 7.625], "texture": "#0"},
				"down": {"uv": [7.8125, 4.5, 7.625, 4.6875], "texture": "#0"}
			}
		},
		{
			"from": [6.4254, 9.34984, 0.50082],
			"to": [9.4362, 10.80064, 1.63182],
			"rotation": {"angle": 22.5, "axis": "x", "origin": [7.9308, 10.23124, 1.96722]},
			"faces": {
				"north": {"uv": [0.875, 7.5, 1.25, 7.6875], "texture": "#0"},
				"east": {"uv": [3.875, 5, 4, 5.1875], "texture": "#0"},
				"south": {"uv": [1.25, 7.5, 1.625, 7.6875], "texture": "#0"},
				"west": {"uv": [1, 5.5, 1.125, 5.6875], "texture": "#0"},
				"up": {"uv": [8, 0.125, 7.625, 0], "texture": "#0"},
				"down": {"uv": [8, 0.125, 7.625, 0.25], "texture": "#0"}
			}
		},
		{
			"from": [5.79672, 7.32711, -0.89893],
			"to": [10.08828, 10.52667, -0.59473],
			"rotation": {"angle": 22.5, "axis": "x", "origin": [7.9425, 6.89109, 4.63985]},
			"faces": {
				"north": {"uv": [6.75, 4.875, 7.3125, 5.25], "texture": "#0"},
				"east": {"uv": [1.375, 7.75, 1.4375, 8.125], "texture": "#0"},
				"south": {"uv": [6.75, 5.25, 7.3125, 5.625], "texture": "#0"},
				"west": {"uv": [1.5, 7.75, 1.5625, 8.125], "texture": "#0"},
				"up": {"uv": [8.1875, 4.8125, 7.625, 4.75], "texture": "#0"},
				"down": {"uv": [8.1875, 4.875, 7.625, 4.9375], "texture": "#0"}
			}
		},
		{
			"from": [5.52918, 7.32711, -1.03543],
			"to": [5.80218, 10.52667, -0.56743],
			"rotation": {"angle": 22.5, "axis": "x", "origin": [7.9425, 6.89109, 4.63985]},
			"faces": {
				"north": {"uv": [1.625, 7.75, 1.6875, 8.125], "texture": "#0"},
				"east": {"uv": [1.75, 7.75, 1.8125, 8.125], "texture": "#0"},
				"south": {"uv": [1.875, 7.75, 1.9375, 8.125], "texture": "#0"},
				"west": {"uv": [2, 7.75, 2.0625, 8.125], "texture": "#0"},
				"up": {"uv": [5.3125, 7.9375, 5.25, 7.875], "texture": "#0"},
				"down": {"uv": [7.9375, 5.25, 7.875, 5.3125], "texture": "#0"}
			}
		},
		{
			"from": [5.52372, 10.52667, -1.03543],
			"to": [10.36128, 10.79967, -0.56743],
			"rotation": {"angle": 22.5, "axis": "x", "origin": [7.9425, 6.89109, 4.63985]},
			"faces": {
				"north": {"uv": [7.625, 1, 8.25, 1.0625], "texture": "#0"},
				"east": {"uv": [5.375, 7.875, 5.4375, 7.9375], "texture": "#0"},
				"south": {"uv": [7.625, 1.125, 8.25, 1.1875], "texture": "#0"},
				"west": {"uv": [7.875, 5.375, 7.9375, 5.4375], "texture": "#0"},
				"up": {"uv": [8.25, 1.3125, 7.625, 1.25], "texture": "#0"},
				"down": {"uv": [8.25, 1.375, 7.625, 1.4375], "texture": "#0"}
			}
		},
		{
			"from": [10.08828, 7.32711, -1.03543],
			"to": [10.36128, 10.52667, -0.56743],
			"rotation": {"angle": 22.5, "axis": "x", "origin": [7.9425, 6.89109, 4.63985]},
			"faces": {
				"north": {"uv": [2.125, 7.75, 2.1875, 8.125], "texture": "#0"},
				"east": {"uv": [7.75, 3.125, 7.8125, 3.5], "texture": "#0"},
				"south": {"uv": [7.75, 4.125, 7.8125, 4.5], "texture": "#0"},
				"west": {"uv": [7, 7.75, 7.0625, 8.125], "texture": "#0"},
				"up": {"uv": [5.5625, 7.9375, 5.5, 7.875], "texture": "#0"},
				"down": {"uv": [5.6875, 7.875, 5.625, 7.9375], "texture": "#0"}
			}
		},
		{
			"from": [5.52372, 7.04101, -0.96962],
			"to": [10.36128, 7.31401, -0.50162],
			"rotation": {"angle": 22.5, "axis": "x", "origin": [7.9425, 7.04998, 4.70566]},
			"faces": {
				"north": {"uv": [7.625, 1.5, 8.25, 1.5625], "texture": "#0"},
				"east": {"uv": [5.75, 7.875, 5.8125, 7.9375], "texture": "#0"},
				"south": {"uv": [7.625, 3.75, 8.25, 3.8125], "texture": "#0"},
				"west": {"uv": [7.875, 5.75, 7.9375, 5.8125], "texture": "#0"},
				"up": {"uv": [8.25, 3.9375, 7.625, 3.875], "texture": "#0"},
				"down": {"uv": [8.25, 4, 7.625, 4.0625], "texture": "#0"}
			}
		},
		{
			"from": [5.37798, 9.4308, 12.45025],
			"to": [7.18162, 13.65004, 13.11052],
			"rotation": {"angle": 0, "axis": "x", "origin": [7.8902, 9.66634, 15.75806]},
			"faces": {
				"north": {"uv": [6.75, 6.875, 7, 7.375], "texture": "#0"},
				"east": {"uv": [1.625, 4.5, 1.6875, 5], "texture": "#0"},
				"south": {"uv": [7, 0, 7.25, 0.5], "texture": "#0"},
				"west": {"uv": [6.875, 7.625, 6.9375, 8.125], "texture": "#0"},
				"up": {"uv": [8.125, 0.5625, 7.875, 0.5], "texture": "#0"},
				"down": {"uv": [8.125, 0.625, 7.875, 0.6875], "texture": "#0"}
			}
		},
		{
			"from": [8.59878, 9.4308, 12.45025],
			"to": [10.40242, 13.65004, 13.11052],
			"rotation": {"angle": 0, "axis": "x", "origin": [7.8902, 9.66634, 15.75806]},
			"faces": {
				"north": {"uv": [7, 1.25, 7.25, 1.75], "texture": "#0"},
				"east": {"uv": [7.125, 7.625, 7.1875, 8.125], "texture": "#0"},
				"south": {"uv": [2, 7, 2.25, 7.5], "texture": "#0"},
				"west": {"uv": [7.25, 7.625, 7.3125, 8.125], "texture": "#0"},
				"up": {"uv": [8.125, 0.8125, 7.875, 0.75], "texture": "#0"},
				"down": {"uv": [1.125, 7.875, 0.875, 7.9375], "texture": "#0"}
			}
		},
		{
			"from": [6.18318, 11.42925, 11.8029],
			"to": [6.65824, 11.70302, 13.4133],
			"rotation": {"angle": 22.5, "axis": "x", "origin": [7.8902, 9.66634, 15.75806]},
			"faces": {
				"north": {"uv": [7.875, 5.875, 7.9375, 5.9375], "texture": "#0"},
				"east": {"uv": [2.75, 7.875, 2.9375, 7.9375], "texture": "#0"},
				"south": {"uv": [7.875, 6, 7.9375, 6.0625], "texture": "#0"},
				"west": {"uv": [7.875, 2.75, 8.0625, 2.8125], "texture": "#0"},
				"up": {"uv": [7.9375, 3.0625, 7.875, 2.875], "texture": "#0"},
				"down": {"uv": [3.0625, 7.875, 3, 8.0625], "texture": "#0"}
			}
		},
		{
			"from": [5.78058, 10.6386, 13.77883],
			"to": [9.99982, 12.44224, 14.4391],
			"rotation": {"angle": 0, "axis": "x", "origin": [7.8902, 9.66634, 15.75806]},
			"faces": {
				"north": {"uv": [5.5, 3.75, 6, 4], "texture": "#0"},
				"east": {"uv": [0.625, 7.875, 0.6875, 8.125], "texture": "#0"},
				"south": {"uv": [0.625, 5.875, 1.125, 6.125], "texture": "#0"},
				"west": {"uv": [1.125, 7.875, 1.1875, 8.125], "texture": "#0"},
				"up": {"uv": [7.875, 7.6875, 7.375, 7.625], "texture": "#0"},
				"down": {"uv": [1.375, 7.75, 0.875, 7.8125], "texture": "#0"}
			}
		},
		{
			"from": [9.20268, 11.42925, 11.8029],
			"to": [9.67774, 11.70302, 13.4133],
			"rotation": {"angle": 22.5, "axis": "x", "origin": [7.8902, 9.66634, 15.75806]},
			"faces": {
				"north": {"uv": [7.875, 6.125, 7.9375, 6.1875], "texture": "#0"},
				"east": {"uv": [3.125, 7.875, 3.3125, 7.9375], "texture": "#0"},
				"south": {"uv": [6.375, 7.875, 6.4375, 7.9375], "texture": "#0"},
				"west": {"uv": [7.875, 3.125, 8.0625, 3.1875], "texture": "#0"},
				"up": {"uv": [7.9375, 3.4375, 7.875, 3.25], "texture": "#0"},
				"down": {"uv": [3.4375, 7.875, 3.375, 8.0625], "texture": "#0"}
			}
		},
		{
			"from": [6.58578, 10.8399, 13.11454],
			"to": [9.19462, 12.24094, 13.77481],
			"rotation": {"angle": 0, "axis": "x", "origin": [7.8902, 9.66634, 15.75806]},
			"faces": {
				"north": {"uv": [1.625, 7.5, 1.9375, 7.6875], "texture": "#0"},
				"east": {"uv": [3.5, 7.875, 3.5625, 8.0625], "texture": "#0"},
				"south": {"uv": [7.5, 7.125, 7.8125, 7.3125], "texture": "#0"},
				"west": {"uv": [3.625, 7.875, 3.6875, 8.0625], "texture": "#0"},
				"up": {"uv": [0.4375, 7.9375, 0.125, 7.875], "texture": "#0"},
				"down": {"uv": [8.1875, 0.375, 7.875, 0.4375], "texture": "#0"}
			}
		},
		{
			"from": [6.10266, 11.14985, 13.22064],
			"to": [6.57772, 11.42362, 14.83104],
			"rotation": {"angle": -22.5, "axis": "x", "origin": [7.8902, 9.66634, 15.75806]},
			"faces": {
				"north": {"uv": [6.5, 7.875, 6.5625, 7.9375], "texture": "#0"},
				"east": {"uv": [7.875, 4.125, 8.0625, 4.1875], "texture": "#0"},
				"south": {"uv": [6.625, 7.875, 6.6875, 7.9375], "texture": "#0"},
				"west": {"uv": [7.875, 4.25, 8.0625, 4.3125], "texture": "#0"},
				"up": {"uv": [3.8125, 8.0625, 3.75, 7.875], "texture": "#0"},
				"down": {"uv": [7.9375, 4.375, 7.875, 4.5625], "texture": "#0"}
			}
		},
		{
			"from": [9.12216, 11.14985, 13.22064],
			"to": [9.59722, 11.42362, 14.83104],
			"rotation": {"angle": -22.5, "axis": "x", "origin": [7.8902, 9.66634, 15.75806]},
			"faces": {
				"north": {"uv": [6.75, 7.875, 6.8125, 7.9375], "texture": "#0"},
				"east": {"uv": [7.875, 4.625, 8.0625, 4.6875], "texture": "#0"},
				"south": {"uv": [7.875, 7.125, 7.9375, 7.1875], "texture": "#0"},
				"west": {"uv": [4.875, 7.875, 5.0625, 7.9375], "texture": "#0"},
				"up": {"uv": [7.9375, 5.1875, 7.875, 5], "texture": "#0"},
				"down": {"uv": [5.1875, 7.875, 5.125, 8.0625], "texture": "#0"}
			}
		},
		{
			"from": [7.39098, 10.97228, 14.21225],
			"to": [8.38942, 11.97073, 15.48292],
			"rotation": {"angle": 0, "axis": "x", "origin": [7.8902, 9.66634, 15.75806]},
			"faces": {
				"north": {"uv": [1.25, 7.875, 1.375, 8], "texture": "#0"},
				"east": {"uv": [7.375, 7.75, 7.5625, 7.875], "texture": "#0"},
				"south": {"uv": [7.875, 1.625, 8, 1.75], "texture": "#0"},
				"west": {"uv": [7.625, 7.75, 7.8125, 7.875], "texture": "#0"},
				"up": {"uv": [6.125, 3.9375, 6, 3.75], "texture": "#0"},
				"down": {"uv": [0.125, 7.875, 0, 8.0625], "texture": "#0"}
			}
		},
		{
			"from": [7.17357, 10.67436, 14.98292],
			"to": [8.67124, 12.17203, 16.48059],
			"rotation": {"angle": 0, "axis": "x", "origin": [7.8902, 9.66634, 15.75806]},
			"faces": {
				"north": {"uv": [7.625, 5, 7.8125, 5.1875], "texture": "#0"},
				"east": {"uv": [7.625, 5.25, 7.8125, 5.4375], "texture": "#0"},
				"south": {"uv": [7.625, 5.75, 7.8125, 5.9375], "texture": "#0"},
				"west": {"uv": [7.625, 6, 7.8125, 6.1875], "texture": "#0"},
				"up": {"uv": [6.5625, 7.8125, 6.375, 7.625], "texture": "#0"},
				"down": {"uv": [6.8125, 7.625, 6.625, 7.8125], "texture": "#0"}
			}
		},
		{
			"from": [7.42318, 4.13843, 13.2521],
			"to": [8.42163, 12.01949, 14.25055],
			"rotation": {"angle": 22.5, "axis": "x", "origin": [7.92241, 6.07896, 13.15132]},
			"faces": {
				"north": {"uv": [1.625, 3.5, 1.75, 4.5], "texture": "#0"},
				"east": {"uv": [2.25, 7, 2.375, 8], "texture": "#0"},
				"south": {"uv": [2.375, 7, 2.5, 8], "texture": "#0"},
				"west": {"uv": [2.5, 7, 2.625, 8], "texture": "#0"},
				"up": {"uv": [8, 1.875, 7.875, 1.75], "texture": "#0"},
				"down": {"uv": [2.75, 7.875, 2.625, 8], "texture": "#0"}
			}
		},
		{
			"from": [6.6209, 2.66106, 12.02032],
			"to": [9.22975, 5.26991, 14.69358],
			"rotation": {"angle": 22.5, "axis": "x", "origin": [7.8902, 6.66634, 11.00806]},
			"faces": {
				"north": {"uv": [7.25, 1.25, 7.5625, 1.5625], "texture": "#0"},
				"east": {"uv": [7.25, 5.875, 7.5625, 6.1875], "texture": "#0"},
				"south": {"uv": [6.375, 7.25, 6.6875, 7.5625], "texture": "#0"},
				"west": {"uv": [7.125, 7.25, 7.4375, 7.5625], "texture": "#0"},
				"up": {"uv": [7.6875, 3.4375, 7.375, 3.125], "texture": "#0"},
				"down": {"uv": [7.6875, 4.125, 7.375, 4.4375], "texture": "#0"}
			}
		},
		{
			"from": [3.5, 8, 3.5],
			"to": [12.5, 24, 12.5],
			"rotation": {"angle": 0, "axis": "y", "origin": [8, 1.5, 8]},
			"faces": {
				"north": {"uv": [1.75, 3, 2.875, 5], "texture": "#0"},
				"east": {"uv": [2.875, 3, 4, 5], "texture": "#0"},
				"south": {"uv": [0, 3.5, 1.125, 5.5], "texture": "#0"},
				"west": {"uv": [3.75, 0, 4.875, 2], "texture": "#0"},
				"up": {"uv": [2.25, 6.125, 1.125, 5], "texture": "#0"},
				"down": {"uv": [3.375, 5, 2.25, 6.125], "texture": "#0"}
			}
		}
	],
	"display": {
		"thirdperson_righthand": {
			"rotation": [45, 0, 0],
			"translation": [0, 2, 0],
			"scale": [0.4, 0.4, 0.4]
		},
		"thirdperson_lefthand": {
			"rotation": [45, 0, 0],
			"translation": [0, 2, 0],
			"scale": [0.4, 0.4, 0.4]
		},
		"firstperson_righthand": {
			"translation": [2, 0, 0],
			"scale": [0.3, 0.3, 0.3]
		},
		"firstperson_lefthand": {
			"translation": [2, 0, 0],
			"scale": [0.3, 0.3, 0.3]
		},
		"ground": {
			"translation": [0, 2.5, 0],
			"scale": [0.8, 0.8, 0.8]
		},
		"gui": {
			"rotation": [22.5, 22.5, 0],
			"translation": [0, -2.5, 0],
			"scale": [0.4, 0.4, 0.4]
		},
		"head": {
			"translation": [0, 15.25, 0],
			"scale": [1.11, 1.11, 1.11]
		},
		"fixed": {
			"translation": [0, -3.75, -3.75],
			"scale": [0.53, 0.53, 0.53]
		}
	},
	"groups": [
		{
			"name": "crystallizer",
			"origin": [8, 8, 8],
			"color": 1,
			"nbt": "{}",
			"armAnimationEnabled": false,
			"children": [
				{
					"name": "основа",
					"origin": [8, 1.5, 8],
					"color": 0,
					"nbt": "{}",
					"armAnimationEnabled": false,
					"children": [0, 1, 2, 3, 4]
				},
				{
					"name": "верхняя основа",
					"origin": [8, 1.5, 8],
					"color": 0,
					"nbt": "{}",
					"armAnimationEnabled": false,
					"children": [5, 6, 7, 8, 9]
				},
				{
					"name": "верх",
					"origin": [8, 1.5, 8],
					"color": 0,
					"nbt": "{}",
					"armAnimationEnabled": false,
					"children": [10, 11, 12, 13, 14]
				},
				{
					"name": "бока",
					"origin": [8, 1.5, 8],
					"color": 0,
					"nbt": "{}",
					"armAnimationEnabled": false,
					"children": [15, 16, 17, 18, 19, 20, 21, 22, 23, 24, 25, 26, 27, 28, 29, 30, 31, 32, 33, 34, 35, 36, 37, 38, 39, 40]
				},
				{
					"name": "панель",
					"origin": [8, 8, 8],
					"color": 0,
					"nbt": "{}",
					"armAnimationEnabled": false,
					"children": [41, 42, 43, 44, 45, 46, 47, 48, 49]
				},
				{
					"name": "держатель",
					"origin": [7.8902, 6.66634, 11.00806],
					"color": 0,
					"nbt": "{}",
					"armAnimationEnabled": false,
					"children": [50, 51, 52, 53, 54, 55, 56, 57, 58, 59, 60, 61]
				},
				62
			]
		}
	]
}