{
	"name": "Where to start",
	"icon": "lostdepths:mirarium_block",
	"category": "lostdepths:intro",

	"pages": [
		{
			"type": "text",
			"text": "Welcome to LostDepths mod. I recommend you to start searching for village and you should make villager with profession $(9)Toolsmith$() and $(9)Farmer$() to master level and trade key components to begin. You are looking for:$(li)Power Crystal$(li)Automat Shop$()"
		},
		{
			"type": "spotlight",
			"item": "lostdepths:polished_deepslate",
			"title": "Blocks & Decorations"
		},
		{
			"type": "crafting",
			"title": "Mirarium Block",
			"recipe": "lostdepths:mirarium_block_r"
		},
		{
			"type": "crafting",
			"title": "VoidCut Metal Block",
			"recipe": "lostdepths:voidcutmetalblock_r"
		},
		{
			"type": "smelting",
			"title": "Deepslate",
			"recipe": "lostdepths:deepslate_r",
			"recipe2": "lostdepths:cracked_deepslate_bricks_r"
		},
		{
			"type": "smelting",
			"recipe": "lostdepths:cracked_deepslate_tiles_r"
		},
		{
			"type": "crafting",
			"title": "Polished Deepslate",
			"recipe": "lostdepths:polished_deepslate_r"
		},
		{
			"type": "crafting",
			"title": "Deepslate Bricks",
			"recipe": "lostdepths:deepslate_bricks_r"
		},
		{
			"type": "crafting",
			"title": "Deepslate Tiles",
			"recipe": "lostdepths:deepslate_tiles_r"
		},
		{
			"type": "crafting",
			"title": "Cobbled Deepslate Slabs",
			"recipe": "lostdepths:cobbled_deepslate_slab_r"
		},
		{
			"type": "crafting",
			"title": "Chiseled Deepslate",
			"recipe": "lostdepths:chiseled_deepslate_r"
		},
		{
			"type": "crafting",
			"title": "Moss Block",
			"recipe": "lostdepths:moss_block_r"
		},
		{
			"type": "crafting",
			"title": "VoidCut Bricks",
			"recipe": "lostdepths:voidcutbricks_ralt"
		},
		{
			"type": "crafting",
			"title": "Star Carpet",
			"recipe": "lostdepths:star_carpet_r"
		}
	]
}