{
  "credit": "Made with Blockbench",
  "elements": [
    {
      "from": [
        0,
        0,
        0
      ],
      "to": [
        16,
        1,
        16
      ],
      "faces": {
        "north": {
          "uv": [
            0,
            0,
            16,
            1
          ],
          "texture": "#0"
        },
        "east": {
          "uv": [
            0,
            0,
            16,
            1
          ],
          "texture": "#0"
        },
        "south": {
          "uv": [
            0,
            0,
            16,
            1
          ],
          "texture": "#0"
        },
        "west": {
          "uv": [
            0,
            0,
            16,
            1
          ],
          "texture": "#0"
        },
        "up": {
          "uv": [
            0,
            0,
            16,
            16
          ],
          "texture": "#0"
        },
        "down": {
          "uv": [
            0,
            0,
            16,
            16
          ],
          "texture": "#0"
        }
      }
    }
  ],
  "display": {
    "thirdperson_righthand": {
      "rotation": [
        83,
        0,
        0
      ],
      "translation": [
        0,
        1.5,
        1.5
      ],
      "scale": [
        0.25,
        0.25,
        0.25
      ]
    },
    "firstperson_righthand": {
      "rotation": [
        5,
        0,
        0
      ],
      "translation": [
        0,
        2.5,
        0
      ],
      "scale": [
        0.5,
        0.5,
        0.5
      ]
    },
    "ground": {
      "scale": [
        0.5,
        0.5,
        0.5
      ]
    },
    "gui": {
      "rotation": [
        56.26,
        18.63,
        -25.56
      ],
      "translation": [
        2.5,
        3,
        0
      ],
      "scale": [
        0.75,
        0.75,
        0.75
      ]
    }
  }
}