{
  "type": "minecraft:crafting_shaped",
  "pattern": [
    "012",
    "345",
    "678"
  ],
  "key": {
    "0": {
      "item": "lostdepths:infused_iron"
    },
    "1": {
      "item": "lostdepths:infused_iron"
    },
    "2": {
      "item": "lostdepths:infused_iron"
    },
    "3": {
      "item": "minecraft:redstone_block"
    },
    "4": {
      "item": "minecraft:crafting_table"
    },
    "5": {
      "item": "minecraft:redstone_block"
    },
    "6": {
      "item": "minecraft:blast_furnace"
    },
    "7": {
      "item": "lostdepths:infused_crystal"
    },
    "8": {
      "item": "minecraft:blast_furnace"
    }
  },
  "result": {
    "item": "lostdepths:workstation_1",
    "count": 1
  }
}