{
	"name": "Ores",
	"icon": "lostdepths:mirarium_ore",
	"category": "lostdepths:intro",
	"read_by_default": true,
	"pages": [
		{
			"type": "patchouli:smelting",
			"title": "Mirarium Ores",
			"text": "Main source of resources for the most of recipes and stations.",
			"recipe": "lostdepths:mirariumingot_r",
			"recipe2": "lostdepths:mirariumingot_r_2"
		},
		{
			"type": "spotlight",
			"item": "lostdepths:mirarium_ore",
			"link_recipe": true,
			"title": "Mirarium Ore",
			"text": "$(li)$(l)Generation:$()$(li2)Overworld$(li2)Deepslate Dimension$(li)$(l)Spawn Info:$()$(li2)Range: 0-64$(li2)Average amount: 8-12$()$(br2)$(c)Informations based on reports from ATLAS HQ Personal$().$(br)$(c)ATLAS HQ location: $()X: $(c)$(k)xxxx$(); Y: $(c)$(k)xx$(); Z: $(c)-$(k)xxxxx$(); Q: $(c)38$()."
		}
	]
}