{
  "_fv": 34,
  "_type": "tool",
  "definition": {
    "renderType": 1,
    "texture": "big_sword_icon",
    "customModelName": "big_sword:default",
    "name": "The Destroyer",
    "specialInfo": [],
    "creativeTab": {
      "value": "CUSTOM:LDMain"
    },
    "toolType": "Sword",
    "harvestLevel": 0,
    "efficiency": 4.0,
    "attackSpeed": 1.0,
    "enchantability": 2,
    "damageVsEntity": 152.0,
    "usageCount": 1000,
    "blocksAffected": [],
    "hasGlow": false,
    "repairItems": [
      {
        "value": "CUSTOM:EnergyzedAlloy"
      }
    ],
    "immuneToFire": true,
    "stayInGridWhenCrafting": false,
    "damageOnCrafting": false
  }
}