{
  "type": "lostdepths:below_bedrock",
  "generator": {
    "type": "minecraft:noise",
    "seed": 7568619039522411704,
    "biome_source": {
      "type": "minecraft:multi_noise",
      "biomes": [
        {
          "biome": "lostdepths:depth",
          "parameters": {
            "temperature": 0,
            "humidity": 0,
            "continentalness": 0,
            "weirdness": 0,
            "erosion": 0,
            "depth": 0,
            "offset": 0
          }
        }
      ]
    },
    "settings": {
      "name": "lostdepths:below_bedrock",
      "sea_level": 32,
      "legacy_random_source": true,
      "disable_mob_generation": true,
      "noodle_caves_enabled": false,
      "noise_caves_enabled": false,
      "aquifers_enabled": false,
      "deepslate_enabled": false,
      "ore_veins_enabled": false,
      "min_surface_level": 0,
      "default_block": {
        "Name": "minecraft:deepslate",
        "Properties": {
          "axis": "y"
        }
      },
      "default_fluid": {
        "Name": "minecraft:lava",
        "Properties": {
          "level": "0"
        }
      },
      "spawn_target": [],
      "noise": {
        "min_y": 0,
        "height": 128,
        "size_horizontal": 1,
        "size_vertical": 2
      },
      "noise_router": {
        "barrier": 0,
        "fluid_level_floodedness": 0,
        "fluid_level_spread": 0,
        "lava": 0,
        "temperature": {
          "type": "minecraft:shifted_noise",
          "noise": "minecraft:temperature",
          "xz_scale": 0.25,
          "y_scale": 0,
          "shift_x": "minecraft:shift_x",
          "shift_y": 0,
          "shift_z": "minecraft:shift_z"
        },
        "vegetation": {
          "type": "minecraft:shifted_noise",
          "noise": "minecraft:vegetation",
          "xz_scale": 0.25,
          "y_scale": 0,
          "shift_x": "minecraft:shift_x",
          "shift_y": 0,
          "shift_z": "minecraft:shift_z"
        },
        "continents": 0,
        "erosion": 0,
        "depth": 0,
        "ridges": 0,
        "initial_density_without_jaggedness": 0,
        "final_density": {
          "type": "minecraft:squeeze",
          "argument": {
            "type": "minecraft:mul",
            "argument1": 0.64,
            "argument2": {
              "type": "minecraft:interpolated",
              "argument": {
                "type": "minecraft:blend_density",
                "argument": {
                  "type": "minecraft:add",
                  "argument1": 2.5,
                  "argument2": {
                    "type": "minecraft:mul",
                    "argument1": {
                      "type": "minecraft:y_clamped_gradient",
                      "from_y": -8,
                      "to_y": 24,
                      "from_value": 0,
                      "to_value": 1
                    },
                    "argument2": {
                      "type": "minecraft:add",
                      "argument1": -2.5,
                      "argument2": {
                        "type": "minecraft:add",
                        "argument1": 0.9375,
                        "argument2": {
                          "type": "minecraft:mul",
                          "argument1": {
                            "type": "minecraft:y_clamped_gradient",
                            "from_y": 104,
                            "to_y": 128,
                            "from_value": 1,
                            "to_value": 0
                          },
                          "argument2": {
                            "type": "minecraft:add",
                            "argument1": -0.9375,
                            "argument2": "minecraft:nether/base_3d_noise"
                          }
                        }
                      }
                    }
                  }
                }
              }
            }
          }
        },
        "vein_toggle": 0,
        "vein_ridged": 0,
        "vein_gap": 0
      },
      "surface_rule": {
        "type": "minecraft:sequence",
        "sequence": [
          {
            "type": "minecraft:condition",
            "if_true": {
              "type": "minecraft:vertical_gradient",
              "random_name": "minecraft:bedrock_floor",
              "true_at_and_below": {
                "above_bottom": 0
              },
              "false_at_and_above": {
                "above_bottom": 5
              }
            },
            "then_run": {
              "type": "minecraft:block",
              "result_state": {
                "Name": "minecraft:bedrock"
              }
            }
          },
          {
            "type": "minecraft:condition",
            "if_true": {
              "type": "minecraft:not",
              "invert": {
                "type": "minecraft:vertical_gradient",
                "random_name": "minecraft:bedrock_roof",
                "true_at_and_below": {
                  "below_top": 5
                },
                "false_at_and_above": {
                  "below_top": 0
                }
              }
            },
            "then_run": {
              "type": "minecraft:block",
              "result_state": {
                "Name": "minecraft:bedrock"
              }
            }
          },
          {
            "type": "minecraft:condition",
            "if_true": {
              "type": "minecraft:biome",
              "biome_is": [
                "lostdepths:depth"
              ]
            },
            "then_run": {
              "type": "minecraft:sequence",
              "sequence": [
                {
                  "type": "minecraft:condition",
                  "if_true": {
                    "type": "minecraft:stone_depth",
                    "surface_type": "floor",
                    "add_surface_depth": false,
                    "secondary_depth_range": 0,
                    "offset": 0
                  },
                  "then_run": {
                    "type": "minecraft:sequence",
                    "sequence": [
                      {
                        "type": "minecraft:condition",
                        "if_true": {
                          "type": "minecraft:water",
                          "offset": -1,
                          "surface_depth_multiplier": 0,
                          "add_stone_depth": false
                        },
                        "then_run": {
                          "type": "minecraft:block",
                          "result_state": {
                            "Name": "minecraft:deepslate",
                            "Properties": {
                              "axis": "y"
                            }
                          }
                        }
                      },
                      {
                        "type": "minecraft:block",
                        "result_state": {
                          "Name": "minecraft:deepslate",
                          "Properties": {
                            "axis": "y"
                          }
                        }
                      }
                    ]
                  }
                },
                {
                  "type": "minecraft:condition",
                  "if_true": {
                    "type": "minecraft:stone_depth",
                    "surface_type": "floor",
                    "add_surface_depth": true,
                    "secondary_depth_range": 0,
                    "offset": 0
                  },
                  "then_run": {
                    "type": "minecraft:block",
                    "result_state": {
                      "Name": "minecraft:deepslate",
                      "Properties": {
                        "axis": "y"
                      }
                    }
                  }
                }
              ]
            }
          },
          {
            "type": "minecraft:block",
            "result_state": {
              "Name": "minecraft:deepslate",
              "Properties": {
                "axis": "y"
              }
            }
          }
        ]
      },
      "structures": {
        "structures": {
          "minecraft:bastion_remnant": {
            "spacing": 27,
            "separation": 4,
            "salt": 30084232
          },
          "minecraft:buried_treasure": {
            "spacing": 1,
            "separation": 0,
            "salt": 0
          },
          "minecraft:desert_pyramid": {
            "spacing": 32,
            "separation": 8,
            "salt": 14357617
          },
          "minecraft:endcity": {
            "spacing": 20,
            "separation": 11,
            "salt": 10387313
          },
          "minecraft:fortress": {
            "spacing": 27,
            "separation": 4,
            "salt": 30084232
          },
          "minecraft:igloo": {
            "spacing": 32,
            "separation": 8,
            "salt": 14357618
          },
          "minecraft:jungle_pyramid": {
            "spacing": 32,
            "separation": 8,
            "salt": 14357619
          },
          "minecraft:mansion": {
            "spacing": 80,
            "separation": 20,
            "salt": 10387319
          },
          "minecraft:mineshaft": {
            "spacing": 1,
            "separation": 0,
            "salt": 0
          },
          "minecraft:monument": {
            "spacing": 32,
            "separation": 5,
            "salt": 10387313
          },
          "minecraft:nether_fossil": {
            "spacing": 2,
            "separation": 1,
            "salt": 14357921
          },
          "minecraft:ocean_ruin": {
            "spacing": 20,
            "separation": 8,
            "salt": 14357621
          },
          "minecraft:pillager_outpost": {
            "spacing": 32,
            "separation": 8,
            "salt": 165745296
          },
          "minecraft:ruined_portal": {
            "spacing": 40,
            "separation": 15,
            "salt": 34222645
          },
          "minecraft:shipwreck": {
            "spacing": 24,
            "separation": 4,
            "salt": 165745295
          },
          "minecraft:stronghold": {
            "spacing": 1,
            "separation": 0,
            "salt": 0
          },
          "minecraft:swamp_hut": {
            "spacing": 32,
            "separation": 8,
            "salt": 14357620
          },
          "minecraft:village": {
            "spacing": 34,
            "separation": 8,
            "salt": 10387312
          }
        }
      }
    }
  }
}