{
  "_fv": 34,
  "_type": "recipe",
  "definition": {
    "recipeType": "Crafting",
    "xpReward": 0.0,
    "cookingTime": 200,
    "recipeRetstackSize": 1,
    "group": "",
    "recipeShapeless": false,
    "recipeSlots": [
      {
        "value": ""
      },
      {
        "value": "CUSTOM:DualPowerAssembly"
      },
      {
        "value": ""
      },
      {
        "value": "CUSTOM:PowerConnectorAssembly"
      },
      {
        "value": "CUSTOM:SuperChargedCoil"
      },
      {
        "value": "CUSTOM:PowerConnectorAssembly"
      },
      {
        "value": "CUSTOM:CondensedMorfarite"
      },
      {
        "value": "CUSTOM:CondensedMorfarite"
      },
      {
        "value": "CUSTOM:CondensedMorfarite"
      }
    ],
    "recipeReturnStack": {
      "value": "CUSTOM:AdvancedPowerCore"
    },
    "name": "advanced_power_core_r",
    "namespace": "mod"
  }
}