{
  "_fv": 34,
  "_type": "armor",
  "definition": {
    "enableHelmet": false,
    "textureHelmet": "",
    "enableBody": true,
    "textureBody": "dragonsoulset_chestplate",
    "enableLeggings": true,
    "textureLeggings": "dragonsoulset_leggings",
    "enableBoots": true,
    "textureBoots": "dragonsoulset_boots",
    "creativeTab": {
      "value": "CUSTOM:DevTab"
    },
    "armorTextureFile": "dragonsoulset_armor_",
    "helmetName": "Celestial Helmet",
    "bodyName": "Celestial Chestplate",
    "leggingsName": "Celestial Leggings",
    "bootsName": "Celestial Boots",
    "helmetSpecialInfo": [],
    "bodySpecialInfo": [],
    "leggingsSpecialInfo": [],
    "bootsSpecialInfo": [],
    "helmetModelName": "Default",
    "helmetModelPart": "Helmet",
    "helmetModelTexture": "From armor",
    "bodyModelName": "Default",
    "bodyModelPart": "Body",
    "armsModelPartL": "Arms L",
    "armsModelPartR": "Arms R",
    "bodyModelTexture": "From armor",
    "leggingsModelName": "Default",
    "leggingsModelPartL": "Leggings L",
    "leggingsModelPartR": "Leggings R",
    "leggingsModelTexture": "From armor",
    "bootsModelName": "Default",
    "bootsModelPartL": "Boots L",
    "bootsModelPartR": "Boots R",
    "bootsModelTexture": "From armor",
    "helmetImmuneToFire": false,
    "bodyImmuneToFire": false,
    "leggingsImmuneToFire": false,
    "bootsImmuneToFire": false,
    "maxDamage": 37,
    "damageValueHelmet": 4,
    "damageValueBody": 12,
    "damageValueLeggings": 10,
    "damageValueBoots": 5,
    "enchantability": 9,
    "toughness": 0.1,
    "knockbackResistance": 0.1,
    "equipSound": {
      "value": "item.armor.equip_netherite"
    },
    "repairItems": [
      {
        "value": "CUSTOM:CondensedCosmerite"
      }
    ]
  }
}