{
  "_fv": 34,
  "_type": "gui",
  "definition": {
    "type": 1,
    "width": 176,
    "height": 166,
    "inventoryOffsetX": 0,
    "inventoryOffsetY": 0,
    "renderBgLayer": true,
    "doesPauseGame": false,
    "components": [
      {
        "type": "label",
        "data": {
          "text": "Compressor Table",
          "color": {
            "value": -6750208,
            "falpha": 0.0
          },
          "name": "Compressor Table",
          "x": 168,
          "y": 44
        }
      },
      {
        "type": "outputslot",
        "data": {
          "id": 1,
          "disableStackInteraction": false,
          "dropItemsWhenNotBound": true,
          "name": "Slot #1",
          "x": 258,
          "y": 71
        }
      },
      {
        "type": "inputslot",
        "data": {
          "inputLimit": {
            "value": ""
          },
          "id": 0,
          "disableStackInteraction": false,
          "dropItemsWhenNotBound": true,
          "name": "Slot #0",
          "x": 150,
          "y": 71
        }
      },
      {
        "type": "image",
        "data": {
          "image": "recipebook_arrow.png",
          "use1Xscale": false,
          "name": "recipebook_arrow.png",
          "x": 204,
          "y": 71
        }
      },
      {
        "type": "label",
        "data": {
          "text": "Progress: <BNBT:number:process>%",
          "color": {
            "value": -12829636,
            "falpha": 0.0
          },
          "name": "Progress: <BNBT:number:process>%",
          "x": 132,
          "y": 107
        }
      }
    ],
    "gridSettings": {
      "sx": 18,
      "sy": 18,
      "ox": 11,
      "oy": 15,
      "snapOnGrid": true
    }
  }
}