{
  "_fv": 34,
  "_type": "gui",
  "definition": {
    "type": 1,
    "width": 176,
    "height": 166,
    "inventoryOffsetX": 0,
    "inventoryOffsetY": 0,
    "renderBgLayer": true,
    "doesPauseGame": false,
    "components": [
      {
        "type": "label",
        "data": {
          "text": "Crystalizer",
          "color": {
            "value": -16777012,
            "falpha": 0.0
          },
          "name": "Crystalizer",
          "x": 132,
          "y": 44
        }
      },
      {
        "type": "outputslot",
        "data": {
          "id": 0,
          "disableStackInteraction": false,
          "dropItemsWhenNotBound": true,
          "name": "Slot #0",
          "x": 267,
          "y": 71
        }
      },
      {
        "type": "inputslot",
        "data": {
          "inputLimit": {
            "value": ""
          },
          "id": 1,
          "disableStackInteraction": false,
          "dropItemsWhenNotBound": true,
          "name": "Slot #1",
          "x": 141,
          "y": 71
        }
      },
      {
        "type": "inputslot",
        "data": {
          "inputLimit": {
            "value": ""
          },
          "id": 2,
          "disableStackInteraction": false,
          "dropItemsWhenNotBound": true,
          "name": "Slot #2",
          "x": 168,
          "y": 71
        }
      },
      {
        "type": "label",
        "data": {
          "text": "progress: <BNBT:number:craftingtime>/<BNBT:number:time>",
          "color": {
            "value": -65536,
            "falpha": 0.0
          },
          "name": "progress: <BNBT:number:craftingtime>/<BNBT:number:time>",
          "x": 204,
          "y": 44
        }
      }
    ],
    "gridSettings": {
      "sx": 18,
      "sy": 18,
      "ox": 11,
      "oy": 15,
      "snapOnGrid": true
    }
  }
}