{
  "_fv": 34,
  "_type": "recipe",
  "definition": {
    "recipeType": "Crafting",
    "xpReward": 0.0,
    "cookingTime": 200,
    "recipeRetstackSize": 1,
    "group": "",
    "recipeShapeless": false,
    "recipeSlots": [
      {
        "value": "CUSTOM:InfusedCrystal"
      },
      {
        "value": "CUSTOM:InfusedIron"
      },
      {
        "value": "CUSTOM:InfusedCrystal"
      },
      {
        "value": "Items.COPPER_INGOT"
      },
      {
        "value": "CUSTOM:InfusedCrystal"
      },
      {
        "value": "Items.COPPER_INGOT"
      },
      {
        "value": "Blocks.IRON_BLOCK"
      },
      {
        "value": "Blocks.GOLD_BLOCK"
      },
      {
        "value": "Blocks.REDSTONE_BLOCK"
      }
    ],
    "recipeReturnStack": {
      "value": "CUSTOM:EnergyzedAlloy"
    },
    "name": "energized_alloy_r",
    "namespace": "mod"
  }
}