{
  "_fv": 34,
  "_type": "recipe",
  "definition": {
    "recipeType": "Crafting",
    "xpReward": 0.0,
    "cookingTime": 200,
    "recipeRetstackSize": 1,
    "group": "",
    "recipeShapeless": false,
    "recipeSlots": [
      {
        "value": "CUSTOM:FireriteIngot"
      },
      {
        "value": "CUSTOM:FireriteIngot"
      },
      {
        "value": "CUSTOM:UnbreakableChain"
      },
      {
        "value": "CUSTOM:FireriteIngot"
      },
      {
        "value": "Items.NETHERITE_AXE"
      },
      {
        "value": "CUSTOM:UnbreakableChain"
      },
      {
        "value": "CUSTOM:PowerCharge"
      },
      {
        "value": "CUSTOM:EnergyzedAlloy"
      },
      {
        "value": "CUSTOM:MagmaSolution"
      }
    ],
    "recipeReturnStack": {
      "value": "CUSTOM:ForgefireAxe"
    },
    "name": "forgefire_axe_r",
    "namespace": "mod"
  }
}