{
  "_fv": 34,
  "_type": "tool",
  "definition": {
    "renderType": 0,
    "texture": "forgefire_axe",
    "customModelName": "Normal",
    "name": "§6Forgefire Axe",
    "specialInfo": [],
    "creativeTab": {
      "value": "CUSTOM:LDTools"
    },
    "toolType": "Axe",
    "harvestLevel": 1,
    "efficiency": 2.0,
    "attackSpeed": 1.0,
    "enchantability": 15,
    "damageVsEntity": 6.0,
    "usageCount": 0,
    "blocksAffected": [],
    "hasGlow": false,
    "repairItems": [],
    "immuneToFire": true,
    "stayInGridWhenCrafting": false,
    "damageOnCrafting": false
  }
}