{
  "_fv": 34,
  "_type": "achievement",
  "definition": {
    "achievementName": "Between underworld and overworld",
    "achievementDescription": "Enter surface of an Ancient World",
    "achievementIcon": {
      "value": "CUSTOM:FerroLog"
    },
    "background": "Default",
    "disableDisplay": false,
    "showPopup": true,
    "announceToChat": true,
    "hideIfNotCompleted": true,
    "rewardLoot": [],
    "rewardRecipes": [],
    "rewardFunction": "No function",
    "rewardXP": 0,
    "achievementType": "task",
    "parent": {
      "value": "CUSTOM:FromBelow"
    },
    "triggerxml": "<xml xmlns=\"https://developers.google.com/blockly/xml\"><block type=\"dimension_entered\" x=\"-1\" y=\"101\"><field name=\"dimension\">CUSTOM:BetweenBedrockAndOverworld</field><next><block type=\"advancement_trigger\" deletable=\"false\"></block></next></block></xml>"
  }
}