{
  "_fv": 34,
  "_type": "villagertrade",
  "definition": {
    "tradeEntries": [
      {
        "villagerProfession": {
          "value": "TOOLSMITH"
        },
        "entries": [
          {
            "price1": {
              "value": "Blocks.NETHERITE_BLOCK"
            },
            "countPrice1": 4,
            "price2": {
              "value": "CUSTOM:InfusedIron"
            },
            "countPrice2": 5,
            "offer": {
              "value": "CUSTOM:InfusedCrystal"
            },
            "countOffer": 1,
            "level": 5,
            "maxTrades": 10,
            "xp": 5,
            "priceMultiplier": 0.05
          }
        ]
      }
    ]
  }
}