{
  "_fv": 34,
  "_type": "recipe",
  "definition": {
    "recipeType": "Crafting",
    "xpReward": 0.0,
    "cookingTime": 200,
    "recipeRetstackSize": 1,
    "group": "",
    "recipeShapeless": false,
    "recipeSlots": [
      {
        "value": ""
      },
      {
        "value": "CUSTOM:CondensedMelworite"
      },
      {
        "value": ""
      },
      {
        "value": "CUSTOM:InfusedRedstone"
      },
      {
        "value": "CUSTOM:PowerCore"
      },
      {
        "value": "CUSTOM:InfusedRedstone"
      },
      {
        "value": ""
      },
      {
        "value": "CUSTOM:CondensedMelworite"
      },
      {
        "value": ""
      }
    ],
    "recipeReturnStack": {
      "value": "CUSTOM:PowerConnectorAssembly"
    },
    "name": "power_connector_assembly_r",
    "namespace": "mod"
  }
}