{
  "_fv": 34,
  "_type": "block",
  "definition": {
    "texture": "titanium_chest_icon",
    "textureTop": "",
    "textureLeft": "",
    "textureFront": "",
    "textureRight": "",
    "textureBack": "",
    "renderType": 2,
    "customModelName": "titanium_chest2_closed:default",
    "rotationMode": 1,
    "enablePitch": false,
    "emissiveRendering": false,
    "displayFluidOverlay": false,
    "itemTexture": "",
    "particleTexture": "",
    "tintType": "No tint",
    "isItemTinted": false,
    "hasTransparency": true,
    "connectedSides": false,
    "transparencyType": "CUTOUT_MIPPED",
    "disableOffset": true,
    "boundingBoxes": [
      {
        "mx": -7.0,
        "my": 0.0,
        "mz": 0.0,
        "Mx": 23.0,
        "My": 10.0,
        "Mz": 16.0,
        "subtract": false
      },
      {
        "mx": -6.0,
        "my": 10.0,
        "mz": 1.0,
        "Mx": 22.0,
        "My": 11.0,
        "Mz": 15.0,
        "subtract": false
      },
      {
        "mx": -7.0,
        "my": 11.0,
        "mz": 0.0,
        "Mx": 23.0,
        "My": 12.0,
        "Mz": 16.0,
        "subtract": false
      },
      {
        "mx": 20.45,
        "my": 8.5,
        "mz": 5.0,
        "Mx": 24.45,
        "My": 9.25,
        "Mz": 5.75,
        "subtract": false
      },
      {
        "mx": 20.37,
        "my": 8.5,
        "mz": 10.21,
        "Mx": 24.37,
        "My": 9.25,
        "Mz": 10.96,
        "subtract": false
      },
      {
        "mx": 24.34,
        "my": 8.5,
        "mz": 4.96,
        "Mx": 25.09,
        "My": 9.25,
        "Mz": 10.96,
        "subtract": false
      },
      {
        "mx": -8.36,
        "my": 8.5,
        "mz": 10.21,
        "Mx": -4.36,
        "My": 9.25,
        "Mz": 10.96,
        "subtract": false
      },
      {
        "mx": -8.27,
        "my": 8.5,
        "mz": 5.0,
        "Mx": -4.27,
        "My": 9.25,
        "Mz": 5.75,
        "subtract": false
      },
      {
        "mx": -9.0,
        "my": 8.5,
        "mz": 5.0,
        "Mx": -8.25,
        "My": 9.25,
        "Mz": 11.0,
        "subtract": false
      }
    ],
    "name": "Titanium Chest",
    "specialInfo": [],
    "hardness": 30.0,
    "resistance": 10.0,
    "hasGravity": false,
    "isWaterloggable": false,
    "creativeTab": {
      "value": "No creative tab entry"
    },
    "destroyTool": "pickaxe",
    "customDrop": {
      "value": ""
    },
    "dropAmount": 1,
    "useLootTableForDrops": false,
    "requiresCorrectTool": false,
    "enchantPowerBonus": 0.0,
    "plantsGrowOn": false,
    "canRedstoneConnect": false,
    "lightOpacity": 0,
    "material": {
      "value": "IRON"
    },
    "tickRate": 0,
    "tickRandomly": false,
    "isReplaceable": false,
    "canProvidePower": false,
    "emittedRedstonePower": {
      "fixedValue": 15.0
    },
    "colorOnMap": "DEFAULT",
    "creativePickItem": {
      "value": ""
    },
    "offsetType": "NONE",
    "aiPathNodeType": "DEFAULT",
    "flammability": 0,
    "fireSpreadSpeed": 0,
    "isLadder": false,
    "slipperiness": 0.6,
    "speedFactor": 1.0,
    "jumpFactor": 1.0,
    "reactionToPushing": "NORMAL",
    "isNotColidable": false,
    "isCustomSoundType": false,
    "soundOnStep": {
      "value": "METAL"
    },
    "breakSound": {
      "value": ""
    },
    "fallSound": {
      "value": ""
    },
    "hitSound": {
      "value": ""
    },
    "placeSound": {
      "value": ""
    },
    "stepSound": {
      "value": ""
    },
    "luminance": 2,
    "unbreakable": false,
    "breakHarvestLevel": 4,
    "spawnParticles": false,
    "particleToSpawn": {
      "value": "EXPLOSION_NORMAL"
    },
    "particleSpawningShape": "Spread",
    "particleSpawningRadious": 0.5,
    "particleAmount": 4,
    "hasInventory": false,
    "guiBoundTo": "<NONE>",
    "openGUIOnRightClick": false,
    "inventorySize": 9,
    "inventoryStackSize": 64,
    "inventoryDropWhenDestroyed": true,
    "inventoryComparatorPower": true,
    "inventoryOutSlotIDs": [],
    "inventoryInSlotIDs": [],
    "hasEnergyStorage": false,
    "energyInitial": 0,
    "energyCapacity": 400000,
    "energyMaxReceive": 200,
    "energyMaxExtract": 200,
    "isFluidTank": false,
    "fluidCapacity": 8000,
    "fluidRestrictions": [],
    "spawnWorldTypes": [],
    "restrictionBiomes": [],
    "blocksToReplace": [],
    "generationShape": "UNIFORM",
    "frequencyPerChunks": 10,
    "frequencyOnChunk": 16,
    "minGenerateHeight": 0,
    "maxGenerateHeight": 64
  }
}