{
	"name": "Quantum Machines",
	"icon": "lostdepths:compression_table",
	"category": "lostdepths:workstations",
	"pages": [
		{
			"type": "spotlight",
			"item": "lostdepths:compression_table",
			"link_recipe": true,
			"title": "Compression Table",
			"text": "As name say, this is compressing table. It can make useable ingots from extra-dimensional worlds or other planets. Simply put in 15 of alian Ingots and wait approximately 1 minute to get one Condensed material."
		},
		{
			"type": "crafting",
			"recipe": "lostdepths:compression_table_r"
		},
		{
			"type": "text",
			"text": "Working Materials as input:$(li)Firerite$(li)Morfamium"
		}
	]
}