{
  "type": "minecraft:crafting_shaped",
  "pattern": [
    "01",
    "23",
    "45"
  ],
  "key": {
    "0": {
      "item": "lostdepths:infused_iron"
    },
    "1": {
      "item": "lostdepths:infused_iron"
    },
    "2": {
      "item": "lostdepths:lava_string"
    },
    "3": {
      "item": "lostdepths:lava_string"
    },
    "4": {
      "item": "lostdepths:lava_string"
    },
    "5": {
      "item": "lostdepths:lava_string"
    }
  },
  "result": {
    "item": "lostdepths:cosmic_carpet",
    "count": 16
  }
}