{
  "type": "minecraft:crafting_shaped",
  "pattern": [
    "012",
    "345",
    "678"
  ],
  "key": {
    "0": {
      "item": "minecraft:magma_block"
    },
    "1": {
      "item": "minecraft:obsidian"
    },
    "2": {
      "item": "minecraft:magma_block"
    },
    "3": {
      "item": "minecraft:obsidian"
    },
    "4": {
      "item": "minecraft:iron_nugget"
    },
    "5": {
      "item": "minecraft:obsidian"
    },
    "6": {
      "item": "minecraft:magma_block"
    },
    "7": {
      "item": "minecraft:obsidian"
    },
    "8": {
      "item": "minecraft:magma_block"
    }
  },
  "result": {
    "item": "lostdepths:magma_compound",
    "count": 4
  }
}