{
	"name": "Workstations",
	"icon": "lostdepths:w_tier_1",
	"category": "lostdepths:workstations",
	"read_by_default": true,
	"pages": [
		{
			"type": "spotlight",
			"item": "lostdepths:power_crystalizer",
			"link_recipe": true,
			"title": "Power Crystalizer",
			"text": "Basic machine where you can multiply your $(9)Power Crystals$()."
		},
		{
			"type": "crafting",
			"recipe": "lostdepths:power_crystalizer_r"
		},
		{
			"type": "spotlight",
			"item": "lostdepths:w_tier_1",
			"link_recipe": true,
			"title": "Workstation Tier 1",
			"text": "Basic crafting terminal for semi-advanced recipes. This Tier require coal to work."
		},
		{
			"type": "crafting",
			"recipe": "lostdepths:work_station_1_r"
		},
		{
			"type": "spotlight",
			"item": "lostdepths:w_tier_2",
			"link_recipe": true,
			"title": "Workstation Tier 2",
			"text": "Crafting terminal for advanced recipes. This Tier require coal to work. More efficient."
		},
		{
			"type": "crafting",
			"recipe": "lostdepths:work_station_2_r"
		},
		{
			"type": "spotlight",
			"item": "lostdepths:w_tier_3",
			"link_recipe": true,
			"title": "Workstation Tier 3",
			"text": "Crafting terminal for semi-elite recipes. This Tier require power to work. Supported: RF, FE."
		},
		{
			"type": "crafting",
			"recipe": "lostdepths:work_station_3_r"
		},
		{
			"type": "spotlight",
			"item": "lostdepths:w_tier_4",
			"link_recipe": true,
			"title": "Workstation Tier 4",
			"text": "WIP"
		},
		{
			"type": "spotlight",
			"item": "lostdepths:w_tier_5",
			"link_recipe": true,
			"title": "Workstation Tier 5",
			"text": "WIP"
		}
	]
}