{
  "_fv": 47,
  "_type": "recipe",
  "definition": {
    "recipeType": "Crafting",
    "recipeRetstackSize": 1,
    "group": "",
    "cookingBookCategory": "MISC",
    "xpReward": 0.0,
    "cookingTime": 200,
    "craftingBookCategory": "MISC",
    "recipeShapeless": false,
    "recipeSlots": [
      {
        "value": "CUSTOM:CrystalizedSnowball"
      },
      {
        "value": "Items.SLIME_BALL"
      },
      {
        "value": ""
      },
      {
        "value": "Items.FERMENTED_SPIDER_EYE"
      },
      {
        "value": "CUSTOM:AcidbloodSolution"
      },
      {
        "value": ""
      },
      {
        "value": ""
      },
      {
        "value": ""
      },
      {
        "value": ""
      }
    ],
    "recipeReturnStack": {
      "value": "CUSTOM:AcidicOoze"
    },
    "name": "acidic_ooze_r",
    "namespace": "mod"
  }
}