{
  "_fv": 47,
  "_type": "tool",
  "definition": {
    "toolType": "Sword",
    "renderType": 0,
    "texture": "witchspike",
    "customModelName": "Normal",
    "name": "§5Bane Of Venoms",
    "specialInfo": [
      "§dPer potion effect on target:",
      "§6Deals 20% Max Health Damage"
    ],
    "creativeTab": {
      "value": "CUSTOM:LDTools"
    },
    "harvestLevel": 1,
    "efficiency": 1.0,
    "attackSpeed": 2.0,
    "enchantability": 0,
    "damageVsEntity": 1.5,
    "usageCount": 0,
    "blocksAffected": [],
    "hasGlow": false,
    "repairItems": [],
    "immuneToFire": true,
    "stayInGridWhenCrafting": false,
    "damageOnCrafting": false,
    "onEntityHitWith": {
      "name": "BaneOfVenomsLivingEntityIsHitWithTool"
    }
  }
}