{
  "_fv": 47,
  "_type": "villagertrade",
  "definition": {
    "tradeEntries": [
      {
        "villagerProfession": {
          "value": "CUSTOM:BlackMarketSeller"
        },
        "entries": [
          {
            "price1": {
              "value": "CUSTOM:JarOfSyrup"
            },
            "countPrice1": 12,
            "price2": {
              "value": ""
            },
            "countPrice2": 1,
            "offer": {
              "value": "CUSTOM:SolariumHunter"
            },
            "countOffer": 1,
            "level": 1,
            "maxTrades": 500,
            "xp": 5,
            "priceMultiplier": 0.05
          },
          {
            "price1": {
              "value": "CUSTOM:SolariumHunter"
            },
            "countPrice1": 50,
            "price2": {
              "value": "CUSTOM:SolariumHunter"
            },
            "countPrice2": 50,
            "offer": {
              "value": "CUSTOM:GemIngenuity"
            },
            "countOffer": 1,
            "level": 1,
            "maxTrades": 2,
            "xp": 5,
            "priceMultiplier": 0.05
          },
          {
            "price1": {
              "value": "CUSTOM:SolariumHunter"
            },
            "countPrice1": 50,
            "price2": {
              "value": "CUSTOM:SolariumCore"
            },
            "countPrice2": 50,
            "offer": {
              "value": "CUSTOM:GemResolve"
            },
            "countOffer": 1,
            "level": 2,
            "maxTrades": 2,
            "xp": 5,
            "priceMultiplier": 0.05
          },
          {
            "price1": {
              "value": "CUSTOM:SolariumHunter"
            },
            "countPrice1": 50,
            "price2": {
              "value": "CUSTOM:SolariumSky"
            },
            "countPrice2": 50,
            "offer": {
              "value": "CUSTOM:GemImposition"
            },
            "countOffer": 1,
            "level": 2,
            "maxTrades": 2,
            "xp": 5,
            "priceMultiplier": 0.05
          },
          {
            "price1": {
              "value": "CUSTOM:SolariumHunter"
            },
            "countPrice1": 20,
            "price2": {
              "value": "CUSTOM:UnstableIngot"
            },
            "countPrice2": 1,
            "offer": {
              "value": "CUSTOM:RadioactiveIsotopes"
            },
            "countOffer": 1,
            "level": 3,
            "maxTrades": 50,
            "xp": 5,
            "priceMultiplier": 0.05
          }
        ]
      }
    ]
  }
}