{
  "_fv": 47,
  "_type": "recipe",
  "definition": {
    "recipeType": "Crafting",
    "recipeRetstackSize": 1,
    "group": "",
    "cookingBookCategory": "MISC",
    "xpReward": 0.0,
    "cookingTime": 200,
    "craftingBookCategory": "MISC",
    "recipeShapeless": false,
    "recipeSlots": [
      {
        "value": "CUSTOM:EnragedIron"
      },
      {
        "value": "CUSTOM:CorruptedGemstone"
      },
      {
        "value": "CUSTOM:EnragedIron"
      },
      {
        "value": "CUSTOM:HeatResistanceGlass"
      },
      {
        "value": "Blocks.ANVIL"
      },
      {
        "value": "CUSTOM:HeatResistanceGlass"
      },
      {
        "value": "CUSTOM:EnragedIron"
      },
      {
        "value": "CUSTOM:CorruptedGemstone"
      },
      {
        "value": "CUSTOM:EnragedIron"
      }
    ],
    "recipeReturnStack": {
      "value": "CUSTOM:BlackMarket"
    },
    "name": "black_market_r",
    "namespace": "mod"
  }
}