{
  "_fv": 47,
  "_type": "recipe",
  "definition": {
    "recipeType": "Crafting",
    "recipeRetstackSize": 1,
    "group": "",
    "cookingBookCategory": "MISC",
    "xpReward": 0.0,
    "cookingTime": 200,
    "craftingBookCategory": "MISC",
    "recipeShapeless": false,
    "recipeSlots": [
      {
        "value": "CUSTOM:VibrantCapacitor"
      },
      {
        "value": "CUSTOM:CondensedMalicium"
      },
      {
        "value": ""
      },
      {
        "value": "CUSTOM:CondensedMalicium"
      },
      {
        "value": "CUSTOM:CrystalizedAlloy"
      },
      {
        "value": "CUSTOM:ReinforcedPlate"
      },
      {
        "value": ""
      },
      {
        "value": "CUSTOM:ReinforcedPlate"
      },
      {
        "value": "CUSTOM:TheDestroyer"
      }
    ],
    "recipeReturnStack": {
      "value": "CUSTOM:BladeOfForgotten"
    },
    "name": "bladeof_forgotten_r",
    "namespace": "mod"
  }
}