{
  "_fv": 47,
  "_type": "rangeditem",
  "definition": {
    "renderType": 0,
    "texture": "cane_of_venom",
    "customModelName": "Normal",
    "name": "§5Cane Of Venom",
    "specialInfo": [
      "§6Fires a projectile that deals damage based on potion effects.",
      "§dPer potion effect on Target:",
      "§6Deals 10% Max Health Damage"
    ],
    "creativeTab": {
      "value": "CUSTOM:LDTools"
    },
    "stackSize": 1,
    "ammoItem": {
      "value": ""
    },
    "shootConstantly": true,
    "usageCount": 0,
    "actionSound": {
      "value": ""
    },
    "hasGlow": false,
    "animation": "none",
    "enableMeleeDamage": true,
    "damageVsEntity": 1.5,
    "onRangedItemUsed": {
      "name": "CaneOfVenomRangedItemUsed"
    },
    "bulletPower": 3.0,
    "bulletDamage": 0.0,
    "bulletKnockback": 0,
    "bulletParticles": false,
    "bulletIgnitesFire": false,
    "bulletItemTexture": {
      "value": "CUSTOM:ProjectileA"
    },
    "bulletModel": "Default",
    "customBulletModelTexture": "",
    "onBulletHitsEntity": {
      "name": "CaneOfVenomsHit"
    },
    "onBulletFlyingTick": {
      "name": "CaneOfVenomWhileProjectileFlyingTick"
    }
  }
}