{
  "_fv": 47,
  "_type": "tool",
  "definition": {
    "toolType": "Special",
    "renderType": 1,
    "texture": "shield_icon",
    "customModelName": "shield_blocking:default",
    "name": "Celestial Shield",
    "specialInfo": [],
    "creativeTab": {
      "value": "No creative tab entry"
    },
    "harvestLevel": 1,
    "efficiency": 2.0,
    "attackSpeed": 4.0,
    "enchantability": 0,
    "damageVsEntity": 0.0,
    "usageCount": 500,
    "blocksAffected": [],
    "hasGlow": false,
    "repairItems": [],
    "immuneToFire": false,
    "stayInGridWhenCrafting": false,
    "damageOnCrafting": false,
    "onItemInInventoryTick": {
      "name": "CelestialShieldBlockingToolInInventoryTick"
    }
  }
}