{
  "_fv": 47,
  "_type": "recipe",
  "definition": {
    "recipeType": "Crafting",
    "recipeRetstackSize": 1,
    "group": "",
    "cookingBookCategory": "MISC",
    "xpReward": 0.0,
    "cookingTime": 200,
    "craftingBookCategory": "MISC",
    "recipeShapeless": false,
    "recipeSlots": [
      {
        "value": "CUSTOM:EnergyzedAlloy"
      },
      {
        "value": "CUSTOM:WorkbenchGrid"
      },
      {
        "value": "CUSTOM:EnergyzedAlloy"
      },
      {
        "value": "CUSTOM:HeatResistanceGlass"
      },
      {
        "value": "Blocks.BREWING_STAND"
      },
      {
        "value": "CUSTOM:HeatResistanceGlass"
      },
      {
        "value": "CUSTOM:InfusedIron"
      },
      {
        "value": "CUSTOM:InfusedIron"
      },
      {
        "value": "CUSTOM:InfusedIron"
      }
    ],
    "recipeReturnStack": {
      "value": "CUSTOM:ChemTech"
    },
    "name": "chem_tech_r",
    "namespace": "mod"
  }
}