{
  "_fv": 47,
  "_type": "fluid",
  "definition": {
    "name": "Concentrated Acid",
    "bucketName": "Concentrated Acid Bucket",
    "textureStill": "concentrated_acid_still",
    "textureFlowing": "concentrated_acid_flow",
    "tintType": "No tint",
    "canMultiply": false,
    "flowRate": 5,
    "levelDecrease": 1,
    "slopeFindDistance": 4,
    "spawnParticles": false,
    "dripParticle": {
      "value": "EXPLOSION_NORMAL"
    },
    "flowStrength": 1.0,
    "luminosity": 0,
    "density": 1000,
    "viscosity": 1000,
    "temperature": 3000,
    "type": "LAVA",
    "generateBucket": true,
    "textureBucket": "",
    "creativeTab": {
      "value": "CUSTOM:LDMain"
    },
    "emptySound": {
      "value": "item.bucket.empty"
    },
    "rarity": "COMMON",
    "specialInfo": [],
    "resistance": 100.0,
    "luminance": 15,
    "lightOpacity": 1,
    "emissiveRendering": true,
    "tickRate": 0,
    "flammability": 0,
    "fireSpreadSpeed": 0,
    "colorOnMap": "DEFAULT",
    "onEntityCollides": {
      "name": "ConcentratedAcidMobplayerCollidesBlock"
    }
  }
}