{
  "_fv": 47,
  "_type": "recipe",
  "definition": {
    "recipeType": "Crafting",
    "recipeRetstackSize": 1,
    "group": "",
    "cookingBookCategory": "MISC",
    "xpReward": 0.0,
    "cookingTime": 200,
    "craftingBookCategory": "MISC",
    "recipeShapeless": false,
    "recipeSlots": [
      {
        "value": "CUSTOM:FirebloodSolution"
      },
      {
        "value": "CUSTOM:FirebloodSolution"
      },
      {
        "value": "CUSTOM:FirebloodSolution"
      },
      {
        "value": "CUSTOM:AcidbloodSolution"
      },
      {
        "value": "CUSTOM:AcidbloodSolution"
      },
      {
        "value": "CUSTOM:AcidbloodSolution"
      },
      {
        "value": "CUSTOM:ConcentratedVenom"
      },
      {
        "value": "CUSTOM:ConcentratedVenom"
      },
      {
        "value": "CUSTOM:ConcentratedVenom"
      }
    ],
    "recipeReturnStack": {
      "value": "CUSTOM:CorrosiveMix"
    },
    "name": "corrosive_mix_r",
    "namespace": "mod"
  }
}