{
  "_fv": 47,
  "_type": "achievement",
  "definition": {
    "achievementName": "Cosmerite",
    "achievementDescription": "Create Condensed Cosmerite for elite tools",
    "achievementIcon": {
      "value": "CUSTOM:CondensedCosmerite"
    },
    "background": "Default",
    "disableDisplay": false,
    "showPopup": true,
    "announceToChat": true,
    "hideIfNotCompleted": false,
    "rewardLoot": [],
    "rewardRecipes": [],
    "rewardFunction": "No function",
    "rewardXP": 20,
    "achievementType": "goal",
    "parent": {
      "value": "CUSTOM:MorfariteAdv"
    },
    "triggerxml": "<xml xmlns=\"https://developers.google.com/blockly/xml\"><block type=\"item_in_inventory\" x=\"65\" y=\"139\"><value name=\"amount_l\"><block type=\"math_number\"><field name=\"NUM\">1</field></block></value><value name=\"amount_h\"><block type=\"math_number\"><field name=\"NUM\">1</field></block></value><value name=\"item\"><block type=\"mcitem_all\"><field name=\"value\">CUSTOM:CondensedCosmerite</field></block></value><next><block type=\"advancement_trigger\" deletable=\"false\"></block></next></block></xml>"
  }
}