{
  "_fv": 47,
  "_type": "recipe",
  "definition": {
    "recipeType": "Crafting",
    "recipeRetstackSize": 1,
    "group": "",
    "cookingBookCategory": "MISC",
    "xpReward": 0.0,
    "cookingTime": 200,
    "craftingBookCategory": "MISC",
    "recipeShapeless": false,
    "recipeSlots": [
      {
        "value": "CUSTOM:VoidcutMetal"
      },
      {
        "value": "CUSTOM:VoidcutMetal"
      },
      {
        "value": "CUSTOM:VoidcutMetal"
      },
      {
        "value": "CUSTOM:VoidcutMetal"
      },
      {
        "value": "CUSTOM:GlisteningCrystals"
      },
      {
        "value": "CUSTOM:VoidcutMetal"
      },
      {
        "value": "CUSTOM:VoidcutMetal"
      },
      {
        "value": "CUSTOM:PolychargeSolution"
      },
      {
        "value": "CUSTOM:VoidcutMetal"
      }
    ],
    "recipeReturnStack": {
      "value": "CUSTOM:DigitalPanel"
    },
    "name": "digital_panel_r",
    "namespace": "mod"
  }
}