{
  "_fv": 47,
  "_type": "rangeditem",
  "definition": {
    "renderType": 0,
    "texture": "fluxlantern",
    "customModelName": "Normal",
    "name": "Flux Lantern",
    "specialInfo": [
      "[WIP]"
    ],
    "creativeTab": {
      "value": "CUSTOM:LDTools"
    },
    "stackSize": 1,
    "ammoItem": {
      "value": ""
    },
    "shootConstantly": false,
    "usageCount": 0,
    "actionSound": {
      "value": "CUSTOM:venom_attack"
    },
    "hasGlow": false,
    "animation": "none",
    "enableMeleeDamage": false,
    "damageVsEntity": 0.0,
    "bulletPower": 0.5,
    "bulletDamage": 0.5,
    "bulletKnockback": 0,
    "bulletParticles": false,
    "bulletIgnitesFire": false,
    "bulletItemTexture": {
      "value": "CUSTOM:ProjectileB"
    },
    "bulletModel": "Default",
    "customBulletModelTexture": "",
    "onBulletHitsPlayer": {
      "name": "FluxLanternProjectileHitsLivingEntity"
    },
    "onBulletHitsEntity": {
      "name": "FluxLanternProjectileHitsLivingEntity"
    }
  }
}