{
  "_fv": 47,
  "_type": "tool",
  "definition": {
    "toolType": "Shears",
    "renderType": 0,
    "texture": "guardian_elixir",
    "customModelName": "Normal",
    "name": "Guardian Elixir",
    "specialInfo": [
      "§6When drunk, grants the Ironheart buff",
      "§4Ironheart grants immunity to max health damage."
    ],
    "creativeTab": {
      "value": "CUSTOM:LDTools"
    },
    "harvestLevel": 1,
    "efficiency": 4.0,
    "attackSpeed": 1.0,
    "enchantability": 2,
    "damageVsEntity": 4.0,
    "usageCount": 0,
    "blocksAffected": [],
    "hasGlow": false,
    "repairItems": [],
    "immuneToFire": true,
    "stayInGridWhenCrafting": false,
    "damageOnCrafting": false,
    "onRightClickedInAir": {
      "name": "GuardianElixirOnRightClick"
    },
    "onRightClickedOnBlock": {
      "name": "GuardianElixirOnRightClick"
    }
  }
}