{
  "_fv": 47,
  "_type": "recipe",
  "definition": {
    "recipeType": "Crafting",
    "recipeRetstackSize": 1,
    "group": "",
    "cookingBookCategory": "MISC",
    "xpReward": 0.0,
    "cookingTime": 200,
    "craftingBookCategory": "MISC",
    "recipeShapeless": false,
    "recipeSlots": [
      {
        "value": "Items.AMETHYST_SHARD"
      },
      {
        "value": "Items.AMETHYST_SHARD"
      },
      {
        "value": "Items.AMETHYST_SHARD"
      },
      {
        "value": "Items.AMETHYST_SHARD"
      },
      {
        "value": "CUSTOM:CelestialRedstone"
      },
      {
        "value": "Items.PRISMARINE_CRYSTALS"
      },
      {
        "value": "Items.PRISMARINE_CRYSTALS"
      },
      {
        "value": "Items.PRISMARINE_CRYSTALS"
      },
      {
        "value": "Items.PRISMARINE_CRYSTALS"
      }
    ],
    "recipeReturnStack": {
      "value": "CUSTOM:HeavyCrystal"
    },
    "name": "heavy_crystal_r",
    "namespace": "mod"
  }
}