{
  "_fv": 47,
  "_type": "tool",
  "definition": {
    "toolType": "Special",
    "renderType": 0,
    "texture": "hexbreaker",
    "customModelName": "Normal",
    "name": "Hexbreaker",
    "specialInfo": [
      "§5When held off-hand, constantly removes ALL curable potion effects."
    ],
    "creativeTab": {
      "value": "CUSTOM:LDTools"
    },
    "harvestLevel": 1,
    "efficiency": 4.0,
    "attackSpeed": 1.0,
    "enchantability": 2,
    "damageVsEntity": 4.0,
    "usageCount": 0,
    "blocksAffected": [],
    "hasGlow": false,
    "repairItems": [],
    "immuneToFire": false,
    "stayInGridWhenCrafting": false,
    "damageOnCrafting": false,
    "onItemInInventoryTick": {
      "name": "HexbreakerToolInHandTick"
    }
  }
}