{
  "_fv": 47,
  "_type": "tool",
  "definition": {
    "toolType": "Shears",
    "renderType": 0,
    "texture": "ironheart_elixir",
    "customModelName": "Normal",
    "name": "Ironheart Elixir",
    "specialInfo": [
      "§6When drunk, grants the Ironheart buff",
      "§4Ironheart grants immunity to max health damage."
    ],
    "creativeTab": {
      "value": "CUSTOM:LDTools"
    },
    "harvestLevel": 1,
    "efficiency": 2.0,
    "attackSpeed": 1.2000000000000002,
    "enchantability": 0,
    "damageVsEntity": 1.5,
    "usageCount": 0,
    "blocksAffected": [],
    "hasGlow": false,
    "repairItems": [],
    "immuneToFire": true,
    "stayInGridWhenCrafting": false,
    "damageOnCrafting": false,
    "onRightClickedInAir": {
      "name": "IronheartElixirRightclickedOnBlock"
    },
    "onRightClickedOnBlock": {
      "name": "IronheartElixirRightclickedOnBlock"
    }
  }
}