{
  "_fv": 47,
  "_type": "recipe",
  "definition": {
    "recipeType": "Crafting",
    "recipeRetstackSize": 1,
    "group": "",
    "cookingBookCategory": "MISC",
    "xpReward": 0.0,
    "cookingTime": 200,
    "craftingBookCategory": "MISC",
    "recipeShapeless": false,
    "recipeSlots": [
      {
        "value": "CUSTOM:JammerFragmentC"
      },
      {
        "value": "CUSTOM:JammerFragmentD"
      },
      {
        "value": ""
      },
      {
        "value": "CUSTOM:JammerFragmentA"
      },
      {
        "value": "CUSTOM:JammerFragmentB"
      },
      {
        "value": ""
      },
      {
        "value": ""
      },
      {
        "value": ""
      },
      {
        "value": ""
      }
    ],
    "recipeReturnStack": {
      "value": "CUSTOM:JammerKey"
    },
    "name": "jammer_key_r",
    "namespace": "mod"
  }
}