{
  "_fv": 47,
  "_type": "recipe",
  "definition": {
    "recipeType": "Crafting",
    "recipeRetstackSize": 3,
    "group": "",
    "cookingBookCategory": "MISC",
    "xpReward": 0.0,
    "cookingTime": 200,
    "craftingBookCategory": "MISC",
    "recipeShapeless": false,
    "recipeSlots": [
      {
        "value": "CUSTOM:InfusedIron"
      },
      {
        "value": "CUSTOM:BurningSap"
      },
      {
        "value": "CUSTOM:InfusedIron"
      },
      {
        "value": "CUSTOM:HeatResistanceGlass"
      },
      {
        "value": "CUSTOM:BurningSap"
      },
      {
        "value": "CUSTOM:HeatResistanceGlass"
      },
      {
        "value": "CUSTOM:InfusedIron"
      },
      {
        "value": "CUSTOM:BurningSap"
      },
      {
        "value": "CUSTOM:InfusedIron"
      }
    ],
    "recipeReturnStack": {
      "value": "CUSTOM:JarOfSap"
    },
    "name": "jar_of_sap_r",
    "namespace": "mod"
  }
}