{
  "_fv": 47,
  "_type": "recipe",
  "definition": {
    "recipeType": "Crafting",
    "recipeRetstackSize": 1,
    "group": "",
    "cookingBookCategory": "MISC",
    "xpReward": 0.0,
    "cookingTime": 200,
    "craftingBookCategory": "MISC",
    "recipeShapeless": false,
    "recipeSlots": [
      {
        "value": "CUSTOM:NeosteelNuggets"
      },
      {
        "value": "CUSTOM:NeosteelNuggets"
      },
      {
        "value": "CUSTOM:NeosteelNuggets"
      },
      {
        "value": "CUSTOM:NeosteelNuggets"
      },
      {
        "value": "CUSTOM:NeosteelNuggets"
      },
      {
        "value": "CUSTOM:NeosteelNuggets"
      },
      {
        "value": "CUSTOM:NeosteelNuggets"
      },
      {
        "value": "CUSTOM:NeosteelNuggets"
      },
      {
        "value": "CUSTOM:NeosteelNuggets"
      }
    ],
    "recipeReturnStack": {
      "value": "CUSTOM:NeosteelIngot"
    },
    "name": "neosteel_ingot_r",
    "namespace": "mod"
  }
}