{
  "_fv": 47,
  "_type": "tool",
  "definition": {
    "toolType": "Pickaxe",
    "renderType": 0,
    "texture": "nightmare_pickaxe",
    "customModelName": "Normal",
    "name": "Nightmare Pickaxe",
    "specialInfo": [
      "§5Can mine ores with dark abilities."
    ],
    "creativeTab": {
      "value": "CUSTOM:LDTools"
    },
    "harvestLevel": 0,
    "efficiency": 4.0,
    "attackSpeed": 1.0,
    "enchantability": 2,
    "damageVsEntity": 4.0,
    "usageCount": 100,
    "blocksAffected": [],
    "hasGlow": false,
    "repairItems": [],
    "immuneToFire": false,
    "stayInGridWhenCrafting": false,
    "damageOnCrafting": false
  }
}