{
  "_fv": 47,
  "_type": "tool",
  "definition": {
    "toolType": "Pickaxe",
    "renderType": 0,
    "texture": "celestialminerspickaxe",
    "customModelName": "Normal",
    "name": "Omni Pickaxe",
    "specialInfo": [],
    "creativeTab": {
      "value": "CUSTOM:LDTools"
    },
    "harvestLevel": 3,
    "efficiency": 8.0,
    "attackSpeed": 1.2000000000000002,
    "enchantability": 2,
    "damageVsEntity": 5.0,
    "usageCount": 2545,
    "blocksAffected": [],
    "hasGlow": false,
    "repairItems": [
      {
        "value": "Items.DIAMOND"
      }
    ],
    "immuneToFire": false,
    "stayInGridWhenCrafting": false,
    "damageOnCrafting": false,
    "onBlockDestroyedWithTool": {
      "name": "OmniPickaxeBlockDestroyedWithTool"
    }
  }
}