{
	"credit": "Made with Blockbench",
	"texture_size": [128, 128],
	"textures": {
		"0": "block/ender_lootchest"
	},
	"elements": [
		{
			"from": [2.275, 0, 2.2],
			"to": [14.275, 8.95, 14.2],
			"faces": {
				"north": {"uv": [4, 1.625, 5.5, 2.75], "texture": "#0"},
				"east": {"uv": [4, 2.875, 5.5, 4], "texture": "#0"},
				"south": {"uv": [4, 4.125, 5.5, 5.25], "texture": "#0"},
				"west": {"uv": [0, 4.75, 1.5, 5.875], "texture": "#0"},
				"up": {"uv": [3.875, 1.5, 2.375, 0], "texture": "#0"},
				"down": {"uv": [3.875, 1.625, 2.375, 3.125], "texture": "#0"}
			}
		},
		{
			"from": [-0.725, 9, -0.8],
			"to": [17.275, 12, 17.2],
			"faces": {
				"north": {"uv": [1.625, 4.875, 3.875, 5.25], "texture": "#0"},
				"east": {"uv": [1.625, 5.375, 3.875, 5.75], "texture": "#0"},
				"south": {"uv": [4, 5.375, 6.25, 5.75], "texture": "#0"},
				"west": {"uv": [5.625, 0, 7.875, 0.375], "texture": "#0"},
				"up": {"uv": [2.25, 2.25, 0, 0], "texture": "#0"},
				"down": {"uv": [2.25, 2.375, 0, 4.625], "texture": "#0"}
			}
		},
		{
			"from": [2.275, 12, 2.2],
			"to": [14.275, 16, 14.2],
			"faces": {
				"north": {"uv": [5.625, 0.5, 7.125, 1], "texture": "#0"},
				"east": {"uv": [5.625, 1.125, 7.125, 1.625], "texture": "#0"},
				"south": {"uv": [5.625, 1.75, 7.125, 2.25], "texture": "#0"},
				"west": {"uv": [5.625, 2.375, 7.125, 2.875], "texture": "#0"},
				"up": {"uv": [3.875, 4.75, 2.375, 3.25], "texture": "#0"},
				"down": {"uv": [5.5, 0, 4, 1.5], "texture": "#0"}
			}
		},
		{
			"from": [1.025, 0, 1.075],
			"to": [4.025, 9, 4.075],
			"faces": {
				"north": {"uv": [1.625, 5.875, 2, 7], "texture": "#0"},
				"east": {"uv": [2.125, 5.875, 2.5, 7], "texture": "#0"},
				"south": {"uv": [2.625, 5.875, 3, 7], "texture": "#0"},
				"west": {"uv": [3.125, 5.875, 3.5, 7], "texture": "#0"},
				"up": {"uv": [7.25, 5.625, 6.875, 5.25], "texture": "#0"},
				"down": {"uv": [5.375, 7.125, 5, 7.5], "texture": "#0"}
			}
		},
		{
			"from": [0.025, 0, 0.075],
			"to": [4.075, 2, 4.125],
			"faces": {
				"north": {"uv": [7.25, 0.5, 7.75, 0.75], "texture": "#0"},
				"east": {"uv": [7.25, 0.875, 7.75, 1.125], "texture": "#0"},
				"south": {"uv": [7.25, 1.25, 7.75, 1.5], "texture": "#0"},
				"west": {"uv": [7.25, 1.625, 7.75, 1.875], "texture": "#0"},
				"up": {"uv": [6.125, 5, 5.625, 4.5], "texture": "#0"},
				"down": {"uv": [7.5, 3, 7, 3.5], "texture": "#0"}
			}
		},
		{
			"from": [1.05, 0, 12.05],
			"to": [4.05, 9, 15.05],
			"rotation": {"angle": 0, "axis": "y", "origin": [2.5375, 2.75, 13.9625]},
			"faces": {
				"north": {"uv": [4.125, 5.875, 4.5, 7], "texture": "#0"},
				"east": {"uv": [4.625, 5.875, 5, 7], "texture": "#0"},
				"south": {"uv": [5.125, 5.875, 5.5, 7], "texture": "#0"},
				"west": {"uv": [3.625, 5.875, 4, 7], "texture": "#0"},
				"up": {"uv": [5.875, 7.5, 5.5, 7.125], "rotation": 270, "texture": "#0"},
				"down": {"uv": [7.5, 5.75, 7.125, 6.125], "rotation": 90, "texture": "#0"}
			}
		},
		{
			"from": [0.05, 0, 12],
			"to": [4.1, 2, 16.05],
			"rotation": {"angle": 0, "axis": "y", "origin": [2.5375, 2.75, 13.9625]},
			"faces": {
				"north": {"uv": [7.25, 2.375, 7.75, 2.625], "texture": "#0"},
				"east": {"uv": [7.25, 6.75, 7.75, 7], "texture": "#0"},
				"south": {"uv": [7.25, 7.125, 7.75, 7.375], "texture": "#0"},
				"west": {"uv": [7.25, 2, 7.75, 2.25], "texture": "#0"},
				"up": {"uv": [7.5, 4.125, 7, 3.625], "rotation": 270, "texture": "#0"},
				"down": {"uv": [7.125, 7, 6.625, 7.5], "rotation": 90, "texture": "#0"}
			}
		},
		{
			"from": [12, 0, 0.95],
			"to": [15, 9, 3.95],
			"rotation": {"angle": 0, "axis": "y", "origin": [14.0375, 2.75, 2.4625]},
			"faces": {
				"north": {"uv": [1, 6, 1.375, 7.125], "texture": "#0"},
				"east": {"uv": [5.625, 5.875, 6, 7], "texture": "#0"},
				"south": {"uv": [0, 6, 0.375, 7.125], "texture": "#0"},
				"west": {"uv": [0.5, 6, 0.875, 7.125], "texture": "#0"},
				"up": {"uv": [6.375, 7.5, 6, 7.125], "rotation": 90, "texture": "#0"},
				"down": {"uv": [7.5, 6.25, 7.125, 6.625], "rotation": 270, "texture": "#0"}
			}
		},
		{
			"from": [11.95, 0, -0.05],
			"to": [16, 2, 4],
			"rotation": {"angle": 0, "axis": "y", "origin": [14.0375, 2.75, 2.4625]},
			"faces": {
				"north": {"uv": [7.625, 3.125, 8.125, 3.375], "texture": "#0"},
				"east": {"uv": [7.375, 5.25, 7.875, 5.5], "texture": "#0"},
				"south": {"uv": [7.25, 7.5, 7.75, 7.75], "texture": "#0"},
				"west": {"uv": [7.625, 2.75, 8.125, 3], "texture": "#0"},
				"up": {"uv": [2, 7.625, 1.5, 7.125], "rotation": 90, "texture": "#0"},
				"down": {"uv": [2.625, 7.125, 2.125, 7.625], "rotation": 270, "texture": "#0"}
			}
		},
		{
			"from": [12.05, 0, 11.975],
			"to": [15.05, 9, 14.975],
			"rotation": {"angle": 0, "axis": "y", "origin": [14.0375, 2.75, 13.9625]},
			"faces": {
				"north": {"uv": [6.5, 3, 6.875, 4.125], "texture": "#0"},
				"east": {"uv": [6.625, 5.75, 7, 6.875], "texture": "#0"},
				"south": {"uv": [6.125, 5.875, 6.5, 7], "texture": "#0"},
				"west": {"uv": [6.375, 4.5, 6.75, 5.625], "texture": "#0"},
				"up": {"uv": [0.375, 7.625, 0, 7.25], "rotation": 180, "texture": "#0"},
				"down": {"uv": [0.875, 7.25, 0.5, 7.625], "rotation": 180, "texture": "#0"}
			}
		},
		{
			"from": [12, 0, 11.925],
			"to": [16.05, 2, 15.975],
			"rotation": {"angle": 0, "axis": "y", "origin": [14.0375, 2.75, 13.9625]},
			"faces": {
				"north": {"uv": [5, 7.625, 5.5, 7.875], "texture": "#0"},
				"east": {"uv": [5.625, 7.625, 6.125, 7.875], "texture": "#0"},
				"south": {"uv": [7.625, 3.5, 8.125, 3.75], "texture": "#0"},
				"west": {"uv": [7.625, 3.875, 8.125, 4.125], "texture": "#0"},
				"up": {"uv": [3.25, 7.625, 2.75, 7.125], "rotation": 180, "texture": "#0"},
				"down": {"uv": [3.875, 7.125, 3.375, 7.625], "rotation": 180, "texture": "#0"}
			}
		},
		{
			"from": [5.275, 6, -1.8],
			"to": [11.275, 11, 1.2],
			"faces": {
				"north": {"uv": [5.625, 3, 6.375, 3.625], "texture": "#0"},
				"east": {"uv": [4, 7.125, 4.375, 7.75], "texture": "#0"},
				"south": {"uv": [5.625, 3.75, 6.375, 4.375], "texture": "#0"},
				"west": {"uv": [4.5, 7.125, 4.875, 7.75], "texture": "#0"},
				"up": {"uv": [7.625, 4.625, 6.875, 4.25], "texture": "#0"},
				"down": {"uv": [7.625, 4.75, 6.875, 5.125], "texture": "#0"}
			}
		}
	],
	"display": {
		"thirdperson_righthand": {
			"scale": [0.2, 0.2, 0.2]
		},
		"ground": {
			"scale": [0.5, 0.5, 0.5]
		},
		"gui": {
			"rotation": [34.03, -30.31, 2.05],
			"scale": [0.5, 0.5, 0.5]
		},
		"fixed": {
			"translation": [0, 0, -2.25],
			"scale": [0.5, 0.5, 0.5]
		}
	},
	"groups": [
		{
			"name": "base",
			"origin": [0, 0, 0],
			"color": 0,
			"nbt": "{}",
			"armAnimationEnabled": false,
			"children": [
				0,
				1,
				2,
				{
					"name": "pillar",
					"origin": [0, 0, 0],
					"color": 0,
					"nbt": "{}",
					"armAnimationEnabled": false,
					"children": [3, 4]
				},
				{
					"name": "pillar4",
					"origin": [-5.7375, 2.75, 5.7625],
					"color": 0,
					"nbt": "{}",
					"armAnimationEnabled": false,
					"children": [5, 6]
				},
				{
					"name": "pillar2",
					"origin": [5.7625, 2.75, -5.7375],
					"color": 0,
					"nbt": "{}",
					"armAnimationEnabled": false,
					"children": [7, 8]
				},
				{
					"name": "pillar3",
					"origin": [5.7625, 2.75, 5.7625],
					"color": 0,
					"nbt": "{}",
					"armAnimationEnabled": false,
					"children": [9, 10]
				},
				{
					"name": "lock",
					"origin": [0, 0, 0],
					"color": 0,
					"nbt": "{}",
					"armAnimationEnabled": false,
					"children": [11]
				}
			]
		}
	]
}