{
	"credit": "Made with Blockbench",
	"texture_size": [64, 64],
	"textures": {
		"5": "big_sword_texture"
	},
	"elements": [
		{
			"from": [7.6875, 0, 1.0625],
			"to": [8.1875, 13, 6.0625],
			"rotation": {"angle": 0, "axis": "y", "origin": [8, 8.75, 8.5625]},
			"faces": {
				"north": {"uv": [5.5, 8.25, 5.75, 11.5], "texture": "#5"},
				"east": {"uv": [0, 4.75, 1.25, 8], "texture": "#5"},
				"south": {"uv": [8.75, 2.75, 9, 6], "texture": "#5"},
				"west": {"uv": [1.5, 4.75, 2.75, 8], "texture": "#5"},
				"up": {"uv": [10.5, 3.75, 10.25, 2.5], "texture": "#5"},
				"down": {"uv": [4.25, 10.25, 4, 11.5], "texture": "#5"}
			}
		},
		{
			"from": [7.6875, 0, 6.0625],
			"to": [8.1875, 13, 11.0625],
			"rotation": {"angle": 0, "axis": "y", "origin": [8, 8.75, 8.5625]},
			"faces": {
				"north": {"uv": [9, 7.75, 9.25, 11], "texture": "#5"},
				"east": {"uv": [3, 4.75, 4.25, 8], "texture": "#5"},
				"south": {"uv": [9.25, 2.75, 9.5, 6], "texture": "#5"},
				"west": {"uv": [4.5, 4.75, 5.75, 8], "texture": "#5"},
				"up": {"uv": [10.5, 5.25, 10.25, 4], "texture": "#5"},
				"down": {"uv": [4.75, 10.25, 4.5, 11.5], "texture": "#5"}
			}
		},
		{
			"from": [7.6875, 13, 0.0625],
			"to": [8.1875, 14, 6.0625],
			"rotation": {"angle": 0, "axis": "y", "origin": [8, 8.75, 8.5625]},
			"faces": {
				"north": {"uv": [8.25, 5.5, 8.5, 5.75], "texture": "#5"},
				"east": {"uv": [7.5, 6.25, 9, 6.5], "texture": "#5"},
				"south": {"uv": [9.5, 11.25, 9.75, 11.5], "texture": "#5"},
				"west": {"uv": [9.25, 6.25, 10.75, 6.5], "texture": "#5"},
				"up": {"uv": [10, 5.75, 9.75, 4.25], "texture": "#5"},
				"down": {"uv": [8.5, 9.75, 8.25, 11.25], "texture": "#5"}
			}
		},
		{
			"from": [7.6875, 0, 11.0625],
			"to": [8.1875, 13, 16.0625],
			"rotation": {"angle": 0, "axis": "y", "origin": [8, 8.75, 8.5625]},
			"faces": {
				"north": {"uv": [9.5, 7.75, 9.75, 11], "texture": "#5"},
				"east": {"uv": [6, 0, 7.25, 3.25], "texture": "#5"},
				"south": {"uv": [9.75, 0.75, 10, 4], "texture": "#5"},
				"west": {"uv": [6, 3.5, 7.25, 6.75], "texture": "#5"},
				"up": {"uv": [5.25, 11.5, 5, 10.25], "texture": "#5"},
				"down": {"uv": [10.75, 8.75, 10.5, 10], "texture": "#5"}
			}
		},
		{
			"from": [7.6875, 14, 12.0625],
			"to": [8.1875, 32, 17.0625],
			"rotation": {"angle": 0, "axis": "y", "origin": [8, 8.75, 8.5625]},
			"faces": {
				"north": {"uv": [6.75, 7.75, 7, 12.25], "texture": "#5"},
				"east": {"uv": [0, 0, 1.25, 4.5], "texture": "#5"},
				"south": {"uv": [7.25, 7.75, 7.5, 12.25], "texture": "#5"},
				"west": {"uv": [1.5, 0, 2.75, 4.5], "texture": "#5"},
				"up": {"uv": [10.25, 11.75, 10, 10.5], "texture": "#5"},
				"down": {"uv": [10.75, 10.25, 10.5, 11.5], "texture": "#5"}
			}
		},
		{
			"from": [7.6875, 14, 11.0625],
			"to": [8.1875, 32, 12.0625],
			"rotation": {"angle": 0, "axis": "y", "origin": [8, 8.75, 8.5625]},
			"faces": {
				"north": {"uv": [7.75, 7.75, 8, 12.25], "texture": "#5"},
				"east": {"uv": [0, 8.25, 0.25, 12.75], "texture": "#5"},
				"south": {"uv": [0.5, 8.25, 0.75, 12.75], "texture": "#5"},
				"west": {"uv": [8.25, 0.75, 8.5, 5.25], "texture": "#5"},
				"up": {"uv": [8.5, 11.75, 8.25, 11.5], "texture": "#5"},
				"down": {"uv": [5.75, 11.75, 5.5, 12], "texture": "#5"}
			}
		},
		{
			"from": [7.6875, 14, 0.0625],
			"to": [8.1875, 32, 5.0625],
			"rotation": {"angle": 0, "axis": "y", "origin": [8, 8.75, 8.5625]},
			"faces": {
				"north": {"uv": [1, 8.25, 1.25, 12.75], "texture": "#5"},
				"east": {"uv": [3, 0, 4.25, 4.5], "texture": "#5"},
				"south": {"uv": [1.5, 8.25, 1.75, 12.75], "texture": "#5"},
				"west": {"uv": [4.5, 0, 5.75, 4.5], "texture": "#5"},
				"up": {"uv": [11, 2, 10.75, 0.75], "texture": "#5"},
				"down": {"uv": [11, 2.25, 10.75, 3.5], "texture": "#5"}
			}
		},
		{
			"from": [7.6875, 14, 5.0625],
			"to": [8.1875, 32, 6.0625],
			"rotation": {"angle": 0, "axis": "y", "origin": [8, 8.75, 8.5625]},
			"faces": {
				"north": {"uv": [2, 8.25, 2.25, 12.75], "texture": "#5"},
				"east": {"uv": [2.5, 8.25, 2.75, 12.75], "texture": "#5"},
				"south": {"uv": [3, 8.25, 3.25, 12.75], "texture": "#5"},
				"west": {"uv": [3.5, 8.25, 3.75, 12.75], "texture": "#5"},
				"up": {"uv": [12, 8.5, 11.75, 8.25], "texture": "#5"},
				"down": {"uv": [9, 11.75, 8.75, 12], "texture": "#5"}
			}
		},
		{
			"from": [7.6875, 13, 11.0625],
			"to": [8.1875, 14, 17.0625],
			"rotation": {"angle": 0, "axis": "y", "origin": [8, 8.75, 8.5625]},
			"faces": {
				"north": {"uv": [11.75, 8.75, 12, 9], "texture": "#5"},
				"east": {"uv": [10, 7.75, 11.5, 8], "texture": "#5"},
				"south": {"uv": [9.25, 11.75, 9.5, 12], "texture": "#5"},
				"west": {"uv": [10, 8.25, 11.5, 8.5], "texture": "#5"},
				"up": {"uv": [10.25, 10.25, 10, 8.75], "texture": "#5"},
				"down": {"uv": [10.5, 0.75, 10.25, 2.25], "texture": "#5"}
			}
		},
		{
			"from": [7.1875, -9, 7.5625],
			"to": [8.9375, -2, 9.5625],
			"rotation": {"angle": 0, "axis": "y", "origin": [8, 8.75, 8.5625]},
			"faces": {
				"north": {"uv": [4, 8.25, 4.5, 10], "texture": "#5"},
				"east": {"uv": [4.75, 8.25, 5.25, 10], "texture": "#5"},
				"south": {"uv": [8.25, 7.75, 8.75, 9.5], "texture": "#5"},
				"west": {"uv": [8.75, 0.75, 9.25, 2.5], "texture": "#5"},
				"up": {"uv": [8, 5.75, 7.5, 5.25], "texture": "#5"},
				"down": {"uv": [10.75, 5.5, 10.25, 6], "texture": "#5"}
			}
		},
		{
			"from": [6.8125, -2, 0.0625],
			"to": [9.0625, 0, 17.0625],
			"rotation": {"angle": 0, "axis": "y", "origin": [8, 8.75, 8.5625]},
			"faces": {
				"north": {"uv": [10.5, 6.75, 11, 7.25], "texture": "#5"},
				"east": {"uv": [6, 7, 10.25, 7.5], "texture": "#5"},
				"south": {"uv": [10.75, 3.75, 11.25, 4.25], "texture": "#5"},
				"west": {"uv": [7.5, 0, 11.75, 0.5], "texture": "#5"},
				"up": {"uv": [8, 5, 7.5, 0.75], "texture": "#5"},
				"down": {"uv": [6.5, 7.75, 6, 12], "texture": "#5"}
			}
		},
		{
			"from": [6.8125, 0, -0.9375],
			"to": [9.0625, 1, 1.0625],
			"rotation": {"angle": 0, "axis": "y", "origin": [8, 8.75, 8.5625]},
			"faces": {
				"north": {"uv": [11.25, 1.5, 11.75, 1.75], "texture": "#5"},
				"east": {"uv": [11.25, 2, 11.75, 2.25], "texture": "#5"},
				"south": {"uv": [11.25, 2.5, 11.75, 2.75], "texture": "#5"},
				"west": {"uv": [11.25, 3, 11.75, 3.25], "texture": "#5"},
				"up": {"uv": [11.25, 5, 10.75, 4.5], "texture": "#5"},
				"down": {"uv": [11.5, 5.25, 11, 5.75], "texture": "#5"}
			}
		},
		{
			"from": [6.8125, 1, -1.9375],
			"to": [9.0625, 2, 0.0625],
			"rotation": {"angle": 0, "axis": "y", "origin": [8, 8.75, 8.5625]},
			"faces": {
				"north": {"uv": [11.25, 6.75, 11.75, 7], "texture": "#5"},
				"east": {"uv": [11.25, 7.25, 11.75, 7.5], "texture": "#5"},
				"south": {"uv": [8.75, 11.25, 9.25, 11.5], "texture": "#5"},
				"west": {"uv": [11.5, 3.5, 12, 3.75], "texture": "#5"},
				"up": {"uv": [11.5, 6.5, 11, 6], "texture": "#5"},
				"down": {"uv": [11.5, 8.75, 11, 9.25], "texture": "#5"}
			}
		},
		{
			"from": [6.8125, 0, 16.0625],
			"to": [9.0625, 1, 18.0625],
			"rotation": {"angle": 0, "axis": "y", "origin": [8, 8.75, 8.5625]},
			"faces": {
				"north": {"uv": [11.5, 4, 12, 4.25], "texture": "#5"},
				"east": {"uv": [11.5, 4.5, 12, 4.75], "texture": "#5"},
				"south": {"uv": [4, 11.75, 4.5, 12], "texture": "#5"},
				"west": {"uv": [4.75, 11.75, 5.25, 12], "texture": "#5"},
				"up": {"uv": [11.5, 10, 11, 9.5], "texture": "#5"},
				"down": {"uv": [11.5, 10.25, 11, 10.75], "texture": "#5"}
			}
		},
		{
			"from": [6.8125, 1, 17.0625],
			"to": [9.0625, 2, 19.0625],
			"rotation": {"angle": 0, "axis": "y", "origin": [8, 8.75, 8.5625]},
			"faces": {
				"north": {"uv": [11.75, 5, 12.25, 5.25], "texture": "#5"},
				"east": {"uv": [11.75, 5.5, 12.25, 5.75], "texture": "#5"},
				"south": {"uv": [11.75, 6, 12.25, 6.25], "texture": "#5"},
				"west": {"uv": [11.75, 7.75, 12.25, 8], "texture": "#5"},
				"up": {"uv": [11.5, 11.5, 11, 11], "texture": "#5"},
				"down": {"uv": [11.75, 0.75, 11.25, 1.25], "texture": "#5"}
			}
		}
	],
	"display": {
		"thirdperson_righthand": {
			"translation": [0, 13.75, 1],
			"scale": [1, 1, 0.6]
		},
		"firstperson_righthand": {
			"translation": [0, 8, 0],
			"scale": [1, 1, 0.6]
		},
		"ground": {
			"translation": [0, 13, 0],
			"scale": [1, 1, 0.5]
		},
		"gui": {
			"rotation": [90, 45, -90],
			"translation": [-1.5, -1.25, 0],
			"scale": [1, 0.5, 0.25]
		},
		"fixed": {
			"rotation": [-90, 46.25, 90],
			"translation": [0, -1.5, -0.75],
			"scale": [1, 0.5, 0.25]
		}
	},
	"groups": [
		{
			"name": "group",
			"origin": [8, 8, 8],
			"color": 0,
			"nbt": "{}",
			"children": [
				{
					"name": "blade",
					"origin": [0, 0, 0],
					"color": 0,
					"nbt": "{}",
					"children": [0, 1, 2, 3, 4, 5, 6, 7, 8]
				},
				{
					"name": "handle",
					"origin": [8, 8, 8],
					"color": 0,
					"nbt": "{}",
					"children": [9, 10, 11, 12, 13, 14]
				}
			]
		}
	]
}