{
	"credit": "MadebyPolygonMC",
	"texture_size": [32, 32],
	"textures": {
		"0": "pack:dragonsoulset/chest",
		"particle": "pack:dragonsoulset/chest"
	},
	"elements": [
		{
			"from": [-0.075, 0.055, -0.075],
			"to": [3.25, 1.955, 3.25],
			"rotation": {"angle": 0, "axis": "y", "origin": [8, 8.7, 7.88125]},
			"faces": {
				"north": {"uv": [12, 3, 12.875, 3.5], "texture": "#0"},
				"east": {"uv": [12, 3, 12.875, 3.5], "texture": "#0"},
				"south": {"uv": [12, 3, 12.875, 3.5], "texture": "#0"},
				"west": {"uv": [12, 3, 12.875, 3.5], "texture": "#0"},
				"up": {"uv": [8.875, 12.375, 8, 11.5], "texture": "#0"},
				"down": {"uv": [12.875, 6, 12, 6.875], "texture": "#0"}
			}
		},
		{
			"from": [0.4, 1.955, 0.4],
			"to": [2.775, 7.18, 2.775],
			"rotation": {"angle": 0, "axis": "y", "origin": [8, 8.7, 7.88125]},
			"faces": {
				"north": {"uv": [2, 11.5, 2.625, 12.875], "texture": "#0"},
				"east": {"uv": [3, 11.5, 3.625, 12.875], "texture": "#0"},
				"south": {"uv": [6, 11.5, 6.625, 12.875], "texture": "#0"},
				"west": {"uv": [7, 11.5, 7.625, 12.875], "texture": "#0"},
				"up": {"uv": [7.625, 13.625, 7, 13], "texture": "#0"},
				"down": {"uv": [9.625, 13, 9, 13.625], "texture": "#0"}
			}
		},
		{
			"from": [1.35, 1.005, 1.35],
			"to": [14.65, 2.905, 14.65],
			"rotation": {"angle": 0, "axis": "y", "origin": [8, 8.7, 7.88125]},
			"faces": {
				"north": {"uv": [10.5, 5.5, 14, 6], "texture": "#0"},
				"east": {"uv": [10.5, 5.5, 14, 6], "texture": "#0"},
				"south": {"uv": [10.5, 5.5, 14, 6], "texture": "#0"},
				"west": {"uv": [10.5, 5.5, 14, 6], "texture": "#0"},
				"up": {"uv": [7.5, 3.5, 4, 0], "texture": "#0"},
				"down": {"uv": [7.5, 3.5, 4, 7], "texture": "#0"}
			}
		},
		{
			"from": [1.35, 4.805, 1.35],
			"to": [14.65, 6.705, 14.65],
			"rotation": {"angle": 0, "axis": "y", "origin": [8, 8.7, 7.88125]},
			"faces": {
				"north": {"uv": [11, 0, 14.5, 0.5], "texture": "#0"},
				"east": {"uv": [11, 0, 14.5, 0.5], "texture": "#0"},
				"south": {"uv": [11, 0, 14.5, 0.5], "texture": "#0"},
				"west": {"uv": [11, 0, 14.5, 0.5], "texture": "#0"},
				"up": {"uv": [7.5, 10.5, 4, 7], "texture": "#0"},
				"down": {"uv": [11, 0, 7.5, 3.5], "texture": "#0"}
			}
		},
		{
			"from": [1.825, 2.905, 1.825],
			"to": [14.175, 4.805, 14.175],
			"rotation": {"angle": 0, "axis": "y", "origin": [8, 8.7, 7.88125]},
			"faces": {
				"north": {"uv": [11, 1, 14.25, 1.5], "texture": "#0"},
				"east": {"uv": [11, 1.5, 14.25, 2], "texture": "#0"},
				"south": {"uv": [11, 2, 14.25, 2.5], "texture": "#0"},
				"west": {"uv": [11, 2.5, 14.25, 3], "texture": "#0"}
			}
		},
		{
			"from": [7.84655, 5.05345, 0.4],
			"to": [11.64655, 8.85345, 2.3],
			"rotation": {"angle": -45, "axis": "z", "origin": [8, 8.7, 7.88125]},
			"faces": {
				"north": {"uv": [11, 6, 12, 7], "texture": "#0"},
				"east": {"uv": [10, 12.5, 10.5, 13.5], "texture": "#0"},
				"south": {"uv": [9, 11, 10, 12], "texture": "#0"},
				"west": {"uv": [10.5, 12.5, 11, 13.5], "texture": "#0"},
				"up": {"uv": [12, 3.5, 11, 3], "texture": "#0"},
				"down": {"uv": [12, 7, 11, 7.5], "texture": "#0"}
			}
		},
		{
			"from": [-2.925, 0.9575, 1.825],
			"to": [0.875, 1.0525, 14.175],
			"rotation": {"angle": 0, "axis": "z", "origin": [8, 8.7, 7.88125]},
			"faces": {
				"up": {"uv": [1, 11.25, 0, 8], "texture": "#0"},
				"down": {"uv": [1, 11.25, 0, 8], "texture": "#0"}
			}
		},
		{
			"from": [12.75, 0.055, -0.075],
			"to": [16.075, 1.955, 3.25],
			"rotation": {"angle": 0, "axis": "y", "origin": [8, 8.7, 7.88125]},
			"faces": {
				"north": {"uv": [12.875, 3, 12, 3.5], "texture": "#0"},
				"east": {"uv": [12.875, 3, 12, 3.5], "texture": "#0"},
				"south": {"uv": [12.875, 3, 12, 3.5], "texture": "#0"},
				"west": {"uv": [12.875, 3, 12, 3.5], "texture": "#0"},
				"up": {"uv": [8, 12.375, 8.875, 11.5], "texture": "#0"},
				"down": {"uv": [12, 6, 12.875, 6.875], "texture": "#0"}
			}
		},
		{
			"from": [13.225, 1.955, 0.4],
			"to": [15.6, 7.18, 2.775],
			"rotation": {"angle": 0, "axis": "y", "origin": [8, 8.7, 7.88125]},
			"faces": {
				"north": {"uv": [2.625, 11.5, 2, 12.875], "texture": "#0"},
				"east": {"uv": [7.625, 11.5, 7, 12.875], "texture": "#0"},
				"south": {"uv": [6.625, 11.5, 6, 12.875], "texture": "#0"},
				"west": {"uv": [3.625, 11.5, 3, 12.875], "texture": "#0"},
				"up": {"uv": [7, 13.625, 7.625, 13], "texture": "#0"},
				"down": {"uv": [9, 13, 9.625, 13.625], "texture": "#0"}
			}
		},
		{
			"from": [12.75, 0.055, 12.75],
			"to": [16.075, 1.955, 16.075],
			"rotation": {"angle": 0, "axis": "y", "origin": [8, 8.7, 7.88125]},
			"faces": {
				"north": {"uv": [12, 3, 12.875, 3.5], "texture": "#0"},
				"east": {"uv": [12, 3, 12.875, 3.5], "texture": "#0"},
				"south": {"uv": [12, 3, 12.875, 3.5], "texture": "#0"},
				"west": {"uv": [12, 3, 12.875, 3.5], "texture": "#0"},
				"up": {"uv": [8, 11.5, 8.875, 12.375], "texture": "#0"},
				"down": {"uv": [12, 6.875, 12.875, 6], "texture": "#0"}
			}
		},
		{
			"from": [13.225, 1.955, 13.225],
			"to": [15.6, 7.18, 15.6],
			"rotation": {"angle": 0, "axis": "y", "origin": [8, 8.7, 7.88125]},
			"faces": {
				"north": {"uv": [6, 11.5, 6.625, 12.875], "texture": "#0"},
				"east": {"uv": [7, 11.5, 7.625, 12.875], "texture": "#0"},
				"south": {"uv": [2, 11.5, 2.625, 12.875], "texture": "#0"},
				"west": {"uv": [3, 11.5, 3.625, 12.875], "texture": "#0"},
				"up": {"uv": [7, 13, 7.625, 13.625], "texture": "#0"},
				"down": {"uv": [9, 13.625, 9.625, 13], "texture": "#0"}
			}
		},
		{
			"from": [-0.075, 0.055, 12.75],
			"to": [3.25, 1.955, 16.075],
			"rotation": {"angle": 0, "axis": "y", "origin": [8, 8.7, 7.88125]},
			"faces": {
				"north": {"uv": [12.875, 3, 12, 3.5], "texture": "#0"},
				"east": {"uv": [12.875, 3, 12, 3.5], "texture": "#0"},
				"south": {"uv": [12.875, 3, 12, 3.5], "texture": "#0"},
				"west": {"uv": [12.875, 3, 12, 3.5], "texture": "#0"},
				"up": {"uv": [8.875, 11.5, 8, 12.375], "texture": "#0"},
				"down": {"uv": [12.875, 6.875, 12, 6], "texture": "#0"}
			}
		},
		{
			"from": [0.4, 1.955, 13.225],
			"to": [2.775, 7.18, 15.6],
			"rotation": {"angle": 0, "axis": "y", "origin": [8, 8.7, 7.88125]},
			"faces": {
				"north": {"uv": [6.625, 11.5, 6, 12.875], "texture": "#0"},
				"east": {"uv": [3.625, 11.5, 3, 12.875], "texture": "#0"},
				"south": {"uv": [2.625, 11.5, 2, 12.875], "texture": "#0"},
				"west": {"uv": [7.625, 11.5, 7, 12.875], "texture": "#0"},
				"up": {"uv": [7.625, 13, 7, 13.625], "texture": "#0"},
				"down": {"uv": [9.625, 13.625, 9, 13], "texture": "#0"}
			}
		},
		{
			"from": [15.125, 0.9575, 1.825],
			"to": [18.925, 1.0525, 14.175],
			"rotation": {"angle": 0, "axis": "z", "origin": [8, 8.7, 7.88125]},
			"faces": {
				"up": {"uv": [0, 11.25, 1, 8], "texture": "#0"},
				"down": {"uv": [0, 11.25, 1, 8], "texture": "#0"}
			}
		},
		{
			"from": [0.4, 7.655, 0.4],
			"to": [2.775, 10.98, 2.775],
			"rotation": {"angle": 0, "axis": "y", "origin": [8, 8.7, 7.88125]},
			"faces": {
				"north": {"uv": [9, 12, 9.625, 12.875], "texture": "#0"},
				"east": {"uv": [12, 11, 12.625, 11.875], "texture": "#0"},
				"south": {"uv": [12, 12, 12.625, 12.875], "texture": "#0"},
				"west": {"uv": [8, 12.5, 8.625, 13.375], "texture": "#0"},
				"up": {"uv": [0.625, 13.625, 0, 13], "texture": "#0"},
				"down": {"uv": [1.625, 13, 1, 13.625], "texture": "#0"}
			}
		},
		{
			"from": [0.438, 13.43227, 2.40165],
			"to": [2.737, 15.80727, 13.59835],
			"rotation": {"angle": 0, "axis": "x", "origin": [8, 8.7, 7.88125]},
			"faces": {
				"north": {"uv": [2, 13, 2.625, 13.625], "texture": "#0"},
				"east": {"uv": [1, 9.5, 4, 10.125], "texture": "#0"},
				"south": {"uv": [3, 13, 3.625, 13.625], "texture": "#0"},
				"west": {"uv": [1, 10.5, 4, 11.125], "texture": "#0"},
				"up": {"uv": [4.625, 13.5, 4, 10.5], "texture": "#0"},
				"down": {"uv": [5.625, 10.5, 5, 13.5], "texture": "#0"}
			}
		},
		{
			"from": [0.419, 7.9435, 0.09694],
			"to": [2.756, 13.1685, 2.47194],
			"rotation": {"angle": 22.5, "axis": "x", "origin": [8, 8.7, 7.88125]},
			"faces": {
				"north": {"uv": [10, 11, 10.625, 12.375], "texture": "#0"},
				"east": {"uv": [11, 11, 11.625, 12.375], "texture": "#0"},
				"south": {"uv": [0, 11.5, 0.625, 12.875], "texture": "#0"},
				"west": {"uv": [1, 11.5, 1.625, 12.875], "texture": "#0"},
				"up": {"uv": [6.625, 13.625, 6, 13], "texture": "#0"},
				"down": {"uv": [13.625, 6, 13, 6.625], "texture": "#0"}
			}
		},
		{
			"from": [0.875, 6.705, 0.875],
			"to": [15.125, 8.605, 15.125],
			"rotation": {"angle": 0, "axis": "y", "origin": [8, 8.7, 7.88125]},
			"faces": {
				"north": {"uv": [10.5, 3.5, 14.25, 4], "texture": "#0"},
				"east": {"uv": [10.5, 3.5, 14.25, 4], "texture": "#0"},
				"south": {"uv": [10.5, 3.5, 14.25, 4], "texture": "#0"},
				"west": {"uv": [10.5, 3.5, 14.25, 4], "texture": "#0"},
				"up": {"uv": [3.75, 3.75, 0, 0], "texture": "#0"},
				"down": {"uv": [3.75, 4, 0, 7.75], "texture": "#0"}
			}
		},
		{
			"from": [1.35, 8.605, 2.7275],
			"to": [1.35, 13.4975, 13.2725],
			"rotation": {"angle": 0, "axis": "y", "origin": [8, 8.7, 7.88125]},
			"faces": {
				"north": {"uv": [0, 0, 0, 1.25], "texture": "#0"},
				"south": {"uv": [0, 0, 0, 1.25], "texture": "#0"},
				"west": {"uv": [7.5, 7.5, 10.25, 8.75], "texture": "#0"},
				"up": {"uv": [0, 2.75, 0, 0], "texture": "#0"},
				"down": {"uv": [0, 0, 0, 2.75], "texture": "#0"}
			}
		},
		{
			"from": [2.6325, 8.605, 1.82865],
			"to": [13.3675, 10.98, 1.82865],
			"rotation": {"angle": 0, "axis": "y", "origin": [8, 8.7, 7.88125]},
			"faces": {
				"north": {"uv": [6, 10.5, 8.875, 11.125], "texture": "#0"},
				"east": {"uv": [0, 0, 0, 0.625], "texture": "#0"},
				"west": {"uv": [0, 0, 0, 0.625], "texture": "#0"},
				"up": {"uv": [2.875, 0, 0, 0], "texture": "#0"},
				"down": {"uv": [2.875, 0, 0, 0], "texture": "#0"}
			}
		},
		{
			"from": [2.6325, 8.4902, 1.41687],
			"to": [13.3675, 12.7652, 1.41687],
			"rotation": {"angle": 22.5, "axis": "x", "origin": [8, 8.7, 7.88125]},
			"faces": {
				"north": {"uv": [1, 8, 3.875, 9.125], "texture": "#0"},
				"east": {"uv": [0, 0, 0, 1.125], "texture": "#0"},
				"west": {"uv": [0, 0, 0, 1.125], "texture": "#0"},
				"up": {"uv": [2.875, 0, 0, 0], "texture": "#0"},
				"down": {"uv": [2.875, 0, 0, 0], "texture": "#0"}
			}
		},
		{
			"from": [2.6325, 14.92769, 3.46462],
			"to": [13.3675, 14.92769, 12.53712],
			"rotation": {"angle": 0, "axis": "x", "origin": [8, 8.7, 7.88125]},
			"faces": {
				"north": {"uv": [0, 0, 2.875, 0], "texture": "#0"},
				"east": {"uv": [0, 0, 2.375, 0], "texture": "#0"},
				"south": {"uv": [0, 0, 2.875, 0], "texture": "#0"},
				"west": {"uv": [0, 0, 2.375, 0], "texture": "#0"},
				"up": {"uv": [10.375, 5.875, 7.5, 3.5], "texture": "#0"}
			}
		},
		{
			"from": [2.6325, 8.60428, 14.17135],
			"to": [13.3675, 10.97928, 14.17135],
			"rotation": {"angle": 0, "axis": "y", "origin": [8, 8.7, 7.88125]},
			"faces": {
				"east": {"uv": [0, 0, 0, 0.625], "texture": "#0"},
				"south": {"uv": [10.5, 7.5, 13.375, 8.125], "texture": "#0"},
				"west": {"uv": [0, 0, 0, 0.625], "texture": "#0"},
				"up": {"uv": [2.875, 0, 0, 0], "texture": "#0"},
				"down": {"uv": [2.875, 0, 0, 0], "texture": "#0"}
			}
		},
		{
			"from": [2.6325, 8.39866, 14.56478],
			"to": [13.3675, 12.67366, 14.56478],
			"rotation": {"angle": -22.5, "axis": "x", "origin": [8, 8.7, 7.88125]},
			"faces": {
				"east": {"uv": [0, 0, 0, 1.125], "texture": "#0"},
				"south": {"uv": [7.5, 9, 10.375, 10.125], "texture": "#0"},
				"west": {"uv": [0, 0, 0, 1.125], "texture": "#0"},
				"up": {"uv": [2.875, 0, 0, 0], "texture": "#0"},
				"down": {"uv": [2.875, 0, 0, 0], "texture": "#0"}
			}
		},
		{
			"from": [1.35, 13.545, 1.825],
			"to": [1.445, 19.245, 14.175],
			"rotation": {"angle": 0, "axis": "y", "origin": [8, 8.7, 7.88125]},
			"faces": {
				"east": {"uv": [10.75, 6, 7.5, 7.5], "texture": "#0"},
				"west": {"uv": [7.5, 6, 10.75, 7.5], "texture": "#0"}
			}
		},
		{
			"from": [0.4, 7.655, 13.225],
			"to": [2.775, 10.98, 15.6],
			"rotation": {"angle": 0, "axis": "y", "origin": [8, 8.7, 7.88125]},
			"faces": {
				"north": {"uv": [12.625, 12, 12, 12.875], "texture": "#0"},
				"east": {"uv": [12.625, 11, 12, 11.875], "texture": "#0"},
				"south": {"uv": [9.625, 12, 9, 12.875], "texture": "#0"},
				"west": {"uv": [8.625, 12.5, 8, 13.375], "texture": "#0"},
				"up": {"uv": [0.625, 13, 0, 13.625], "texture": "#0"},
				"down": {"uv": [1.625, 13.625, 1, 13], "texture": "#0"}
			}
		},
		{
			"from": [0.419, 7.8526, 13.50998],
			"to": [2.756, 13.0776, 15.88498],
			"rotation": {"angle": -22.5, "axis": "x", "origin": [8, 8.7, 7.88125]},
			"faces": {
				"north": {"uv": [0.625, 11.5, 0, 12.875], "texture": "#0"},
				"east": {"uv": [11.625, 11, 11, 12.375], "texture": "#0"},
				"south": {"uv": [10.625, 11, 10, 12.375], "texture": "#0"},
				"west": {"uv": [1.625, 11.5, 1, 12.875], "texture": "#0"},
				"up": {"uv": [6.625, 13, 6, 13.625], "texture": "#0"},
				"down": {"uv": [13.625, 6.625, 13, 6], "texture": "#0"}
			}
		},
		{
			"from": [13.225, 7.655, 0.4],
			"to": [15.6, 10.98, 2.775],
			"rotation": {"angle": 0, "axis": "y", "origin": [8, 8.7, 7.88125]},
			"faces": {
				"north": {"uv": [9.625, 12, 9, 12.875], "texture": "#0"},
				"east": {"uv": [8.625, 12.5, 8, 13.375], "texture": "#0"},
				"south": {"uv": [12.625, 12, 12, 12.875], "texture": "#0"},
				"west": {"uv": [12.625, 11, 12, 11.875], "texture": "#0"},
				"up": {"uv": [0, 13.625, 0.625, 13], "texture": "#0"},
				"down": {"uv": [1, 13, 1.625, 13.625], "texture": "#0"}
			}
		},
		{
			"from": [13.244, 7.9435, 0.09694],
			"to": [15.581, 13.1685, 2.47194],
			"rotation": {"angle": 22.5, "axis": "x", "origin": [8, 8.7, 7.88125]},
			"faces": {
				"north": {"uv": [10.625, 11, 10, 12.375], "texture": "#0"},
				"east": {"uv": [1.625, 11.5, 1, 12.875], "texture": "#0"},
				"south": {"uv": [0.625, 11.5, 0, 12.875], "texture": "#0"},
				"west": {"uv": [11.625, 11, 11, 12.375], "texture": "#0"},
				"up": {"uv": [6, 13.625, 6.625, 13], "texture": "#0"},
				"down": {"uv": [13, 6, 13.625, 6.625], "texture": "#0"}
			}
		},
		{
			"from": [13.225, 7.655, 13.225],
			"to": [15.6, 10.98, 15.6],
			"rotation": {"angle": 0, "axis": "y", "origin": [8, 8.7, 7.88125]},
			"faces": {
				"north": {"uv": [12, 12, 12.625, 12.875], "texture": "#0"},
				"east": {"uv": [8, 12.5, 8.625, 13.375], "texture": "#0"},
				"south": {"uv": [9, 12, 9.625, 12.875], "texture": "#0"},
				"west": {"uv": [12, 11, 12.625, 11.875], "texture": "#0"},
				"up": {"uv": [0, 13, 0.625, 13.625], "texture": "#0"},
				"down": {"uv": [1, 13.625, 1.625, 13], "texture": "#0"}
			}
		},
		{
			"from": [13.244, 7.8526, 13.50998],
			"to": [15.581, 13.0776, 15.88498],
			"rotation": {"angle": -22.5, "axis": "x", "origin": [8, 8.7, 7.88125]},
			"faces": {
				"north": {"uv": [0, 11.5, 0.625, 12.875], "texture": "#0"},
				"east": {"uv": [1, 11.5, 1.625, 12.875], "texture": "#0"},
				"south": {"uv": [10, 11, 10.625, 12.375], "texture": "#0"},
				"west": {"uv": [11, 11, 11.625, 12.375], "texture": "#0"},
				"up": {"uv": [6, 13, 6.625, 13.625], "texture": "#0"},
				"down": {"uv": [13, 6.625, 13.625, 6], "texture": "#0"}
			}
		},
		{
			"from": [13.263, 13.43227, 2.40165],
			"to": [15.562, 15.80727, 13.59835],
			"rotation": {"angle": 0, "axis": "x", "origin": [8, 8.7, 7.88125]},
			"faces": {
				"north": {"uv": [2.625, 13, 2, 13.625], "texture": "#0"},
				"east": {"uv": [4, 10.5, 1, 11.125], "texture": "#0"},
				"south": {"uv": [3.625, 13, 3, 13.625], "texture": "#0"},
				"west": {"uv": [4, 9.5, 1, 10.125], "texture": "#0"},
				"up": {"uv": [4, 13.5, 4.625, 10.5], "texture": "#0"},
				"down": {"uv": [5, 10.5, 5.625, 13.5], "texture": "#0"}
			}
		},
		{
			"from": [14.65, 8.605, 2.7275],
			"to": [14.65, 13.4975, 13.2725],
			"rotation": {"angle": 0, "axis": "y", "origin": [8, 8.7, 7.88125]},
			"faces": {
				"north": {"uv": [0, 0, 0, 1.25], "texture": "#0"},
				"east": {"uv": [10.25, 7.5, 7.5, 8.75], "texture": "#0"},
				"south": {"uv": [0, 0, 0, 1.25], "texture": "#0"},
				"up": {"uv": [0, 2.75, 0, 0], "texture": "#0"},
				"down": {"uv": [0, 0, 0, 2.75], "texture": "#0"}
			}
		},
		{
			"from": [14.555, 13.545, 1.825],
			"to": [14.65, 19.245, 14.175],
			"rotation": {"angle": 0, "axis": "y", "origin": [8, 8.7, 7.88125]},
			"faces": {
				"east": {"uv": [10.75, 6, 7.5, 7.5], "texture": "#0"},
				"west": {"uv": [7.5, 6, 10.75, 7.5], "texture": "#0"}
			}
		}
	],
	"gui_light": "front",
	"display": {
		"thirdperson_righthand": {
			"rotation": [64.5, 0, 0],
			"translation": [0, 3.25, 1.75],
			"scale": [0.5, 0.5, 0.5]
		},
		"thirdperson_lefthand": {
			"rotation": [64.5, 0, 0],
			"translation": [0, 3.25, 1.75],
			"scale": [0.75977, 0.75977, 0.75977]
		},
		"firstperson_righthand": {
			"translation": [-9, 5, 2.75],
			"scale": [0.66797, 0.66797, 0.66797]
		},
		"firstperson_lefthand": {
			"rotation": [155.75, 0, -180],
			"translation": [-3.5, 5, 2.75],
			"scale": [0.66797, 0.66797, 0.66797]
		},
		"ground": {
			"translation": [0, 6.25, 0],
			"scale": [0.75, 0.75, 0.75]
		},
		"gui": {
			"rotation": [0, 136, 0],
			"translation": [0, -0.25, 0],
			"scale": [0.5, 0.5, 0.5]
		},
		"head": {
			"rotation": [0, 180, 0],
			"translation": [0, -32, 0],
			"scale": [2.49414, 2.49414, 2.49414]
		},
		"fixed": {
			"rotation": [-90, 0, 0],
			"translation": [0, 0, -6.75]
		}
	},
	"groups": [
		{
			"name": "group",
			"origin": [8, 8, 8],
			"color": 0,
			"nbt": "{}",
			"children": [
				{
					"name": "group",
					"origin": [13.25, 0.475, 8],
					"color": 0,
					"nbt": "{}",
					"children": [0, 1, 2, 3, 4, 5, 6, 7, 8, 9, 10, 11, 12, 13]
				},
				{
					"name": "group",
					"origin": [11.5, 15.1, 4.5],
					"color": 0,
					"nbt": "{}",
					"children": [14, 15, 16, 17, 18, 19, 20, 21, 22, 23, 24, 25, 26, 27, 28, 29, 30, 31, 32, 33]
				}
			]
		}
	]
}