{
	"credit": "MadebyPolygonMC",
	"texture_size": [32, 32],
	"textures": {
		"0": "pack:dragonsoulset/chest",
		"particle": "pack:dragonsoulset/chest"
	},
	"elements": [
		{
			"from": [0.1096, -0.10064, 0.0588],
			"to": [3.4024, 1.78096, 3.3516],
			"rotation": {"angle": 0, "axis": "y", "origin": [8.1064, 10.28061, 9.87246]},
			"faces": {
				"north": {"uv": [12, 3, 12.875, 3.5], "texture": "#0"},
				"east": {"uv": [12, 3, 12.875, 3.5], "texture": "#0"},
				"south": {"uv": [12, 3, 12.875, 3.5], "texture": "#0"},
				"west": {"uv": [12, 3, 12.875, 3.5], "texture": "#0"},
				"up": {"uv": [8.875, 12.375, 8, 11.5], "texture": "#0"},
				"down": {"uv": [12.875, 6, 12, 6.875], "texture": "#0"}
			}
		},
		{
			"from": [0.58, 1.78096, 0.5292],
			"to": [2.932, 6.95536, 2.8812],
			"rotation": {"angle": 0, "axis": "y", "origin": [8.1064, 10.28061, 9.87246]},
			"faces": {
				"north": {"uv": [2, 11.5, 2.625, 12.875], "texture": "#0"},
				"east": {"uv": [3, 11.5, 3.625, 12.875], "texture": "#0"},
				"south": {"uv": [6, 11.5, 6.625, 12.875], "texture": "#0"},
				"west": {"uv": [7, 11.5, 7.625, 12.875], "texture": "#0"},
				"up": {"uv": [7.625, 13.625, 7, 13], "texture": "#0"},
				"down": {"uv": [9.625, 13, 9, 13.625], "texture": "#0"}
			}
		},
		{
			"from": [1.5208, 0.84016, 1.47],
			"to": [14.692, 2.72176, 14.6412],
			"rotation": {"angle": 0, "axis": "y", "origin": [8.1064, 10.28061, 9.87246]},
			"faces": {
				"north": {"uv": [10.5, 5.5, 14, 6], "texture": "#0"},
				"east": {"uv": [10.5, 5.5, 14, 6], "texture": "#0"},
				"south": {"uv": [10.5, 5.5, 14, 6], "texture": "#0"},
				"west": {"uv": [10.5, 5.5, 14, 6], "texture": "#0"},
				"up": {"uv": [7.5, 3.5, 4, 0], "texture": "#0"},
				"down": {"uv": [7.5, 3.5, 4, 7], "texture": "#0"}
			}
		},
		{
			"from": [1.5208, 4.60336, 1.47],
			"to": [14.692, 6.48496, 14.6412],
			"rotation": {"angle": 0, "axis": "y", "origin": [8.1064, 10.28061, 9.87246]},
			"faces": {
				"north": {"uv": [11, 0, 14.5, 0.5], "texture": "#0"},
				"east": {"uv": [11, 0, 14.5, 0.5], "texture": "#0"},
				"south": {"uv": [11, 0, 14.5, 0.5], "texture": "#0"},
				"west": {"uv": [11, 0, 14.5, 0.5], "texture": "#0"},
				"up": {"uv": [7.5, 10.5, 4, 7], "texture": "#0"},
				"down": {"uv": [11, 0, 7.5, 3.5], "texture": "#0"}
			}
		},
		{
			"from": [1.9912, 2.72176, 1.9404],
			"to": [14.2216, 4.60336, 14.1708],
			"rotation": {"angle": 0, "axis": "y", "origin": [8.1064, 10.28061, 9.87246]},
			"faces": {
				"north": {"uv": [11, 1, 14.25, 1.5], "texture": "#0"},
				"east": {"uv": [11, 1.5, 14.25, 2], "texture": "#0"},
				"south": {"uv": [11, 2, 14.25, 2.5], "texture": "#0"},
				"west": {"uv": [11, 2.5, 14.25, 3], "texture": "#0"}
			}
		},
		{
			"from": [9.24135, 5.38246, 0.5292],
			"to": [13.00455, 9.14566, 2.4108],
			"rotation": {"angle": -45, "axis": "z", "origin": [8.1064, 10.28061, 9.87246]},
			"faces": {
				"north": {"uv": [11, 6, 12, 7], "texture": "#0"},
				"east": {"uv": [10, 12.5, 10.5, 13.5], "texture": "#0"},
				"south": {"uv": [9, 11, 10, 12], "texture": "#0"},
				"west": {"uv": [10.5, 12.5, 11, 13.5], "texture": "#0"},
				"up": {"uv": [12, 3.5, 11, 3], "texture": "#0"},
				"down": {"uv": [12, 7, 11, 7.5], "texture": "#0"}
			}
		},
		{
			"from": [-2.7128, 0.79312, 1.9404],
			"to": [1.0504, 0.8872, 14.1708],
			"rotation": {"angle": 0, "axis": "z", "origin": [8.1064, 10.28061, 9.87246]},
			"faces": {
				"up": {"uv": [1, 11.25, 0, 8], "texture": "#0"},
				"down": {"uv": [1, 11.25, 0, 8], "texture": "#0"}
			}
		},
		{
			"from": [12.8104, -0.10064, 0.0588],
			"to": [16.1032, 1.78096, 3.3516],
			"rotation": {"angle": 0, "axis": "y", "origin": [8.1064, 10.28061, 9.87246]},
			"faces": {
				"north": {"uv": [12.875, 3, 12, 3.5], "texture": "#0"},
				"east": {"uv": [12.875, 3, 12, 3.5], "texture": "#0"},
				"south": {"uv": [12.875, 3, 12, 3.5], "texture": "#0"},
				"west": {"uv": [12.875, 3, 12, 3.5], "texture": "#0"},
				"up": {"uv": [8, 12.375, 8.875, 11.5], "texture": "#0"},
				"down": {"uv": [12, 6, 12.875, 6.875], "texture": "#0"}
			}
		},
		{
			"from": [13.2808, 1.78096, 0.5292],
			"to": [15.6328, 6.95536, 2.8812],
			"rotation": {"angle": 0, "axis": "y", "origin": [8.1064, 10.28061, 9.87246]},
			"faces": {
				"north": {"uv": [2.625, 11.5, 2, 12.875], "texture": "#0"},
				"east": {"uv": [7.625, 11.5, 7, 12.875], "texture": "#0"},
				"south": {"uv": [6.625, 11.5, 6, 12.875], "texture": "#0"},
				"west": {"uv": [3.625, 11.5, 3, 12.875], "texture": "#0"},
				"up": {"uv": [7, 13.625, 7.625, 13], "texture": "#0"},
				"down": {"uv": [9, 13, 9.625, 13.625], "texture": "#0"}
			}
		},
		{
			"from": [12.8104, -0.10064, 12.7596],
			"to": [16.1032, 1.78096, 16.0524],
			"rotation": {"angle": 0, "axis": "y", "origin": [8.1064, 10.28061, 9.87246]},
			"faces": {
				"north": {"uv": [12, 3, 12.875, 3.5], "texture": "#0"},
				"east": {"uv": [12, 3, 12.875, 3.5], "texture": "#0"},
				"south": {"uv": [12, 3, 12.875, 3.5], "texture": "#0"},
				"west": {"uv": [12, 3, 12.875, 3.5], "texture": "#0"},
				"up": {"uv": [8, 11.5, 8.875, 12.375], "texture": "#0"},
				"down": {"uv": [12, 6.875, 12.875, 6], "texture": "#0"}
			}
		},
		{
			"from": [13.2808, 1.78096, 13.23],
			"to": [15.6328, 6.95536, 15.582],
			"rotation": {"angle": 0, "axis": "y", "origin": [8.1064, 10.28061, 9.87246]},
			"faces": {
				"north": {"uv": [6, 11.5, 6.625, 12.875], "texture": "#0"},
				"east": {"uv": [7, 11.5, 7.625, 12.875], "texture": "#0"},
				"south": {"uv": [2, 11.5, 2.625, 12.875], "texture": "#0"},
				"west": {"uv": [3, 11.5, 3.625, 12.875], "texture": "#0"},
				"up": {"uv": [7, 13, 7.625, 13.625], "texture": "#0"},
				"down": {"uv": [9, 13.625, 9.625, 13], "texture": "#0"}
			}
		},
		{
			"from": [0.1096, -0.10064, 12.7596],
			"to": [3.4024, 1.78096, 16.0524],
			"rotation": {"angle": 0, "axis": "y", "origin": [8.1064, 10.28061, 9.87246]},
			"faces": {
				"north": {"uv": [12.875, 3, 12, 3.5], "texture": "#0"},
				"east": {"uv": [12.875, 3, 12, 3.5], "texture": "#0"},
				"south": {"uv": [12.875, 3, 12, 3.5], "texture": "#0"},
				"west": {"uv": [12.875, 3, 12, 3.5], "texture": "#0"},
				"up": {"uv": [8.875, 11.5, 8, 12.375], "texture": "#0"},
				"down": {"uv": [12.875, 6.875, 12, 6], "texture": "#0"}
			}
		},
		{
			"from": [0.58, 1.78096, 13.23],
			"to": [2.932, 6.95536, 15.582],
			"rotation": {"angle": 0, "axis": "y", "origin": [8.1064, 10.28061, 9.87246]},
			"faces": {
				"north": {"uv": [6.625, 11.5, 6, 12.875], "texture": "#0"},
				"east": {"uv": [3.625, 11.5, 3, 12.875], "texture": "#0"},
				"south": {"uv": [2.625, 11.5, 2, 12.875], "texture": "#0"},
				"west": {"uv": [7.625, 11.5, 7, 12.875], "texture": "#0"},
				"up": {"uv": [7.625, 13, 7, 13.625], "texture": "#0"},
				"down": {"uv": [9.625, 13.625, 9, 13], "texture": "#0"}
			}
		},
		{
			"from": [15.1624, 0.79312, 1.9404],
			"to": [18.9256, 0.8872, 14.1708],
			"rotation": {"angle": 0, "axis": "z", "origin": [8.1064, 10.28061, 9.87246]},
			"faces": {
				"up": {"uv": [0, 11.25, 1, 8], "texture": "#0"},
				"down": {"uv": [0, 11.25, 1, 8], "texture": "#0"}
			}
		},
		{
			"from": [0.58, 12.21456, 1.61209],
			"to": [2.932, 15.50736, 3.96409],
			"rotation": {"angle": 45, "axis": "x", "origin": [8.1064, 10.28061, 9.87246]},
			"faces": {
				"north": {"uv": [9, 12, 9.625, 12.875], "texture": "#0"},
				"east": {"uv": [12, 11, 12.625, 11.875], "texture": "#0"},
				"south": {"uv": [12, 12, 12.625, 12.875], "texture": "#0"},
				"west": {"uv": [8, 12.5, 8.625, 13.375], "texture": "#0"},
				"up": {"uv": [0.625, 13.625, 0, 13], "texture": "#0"},
				"down": {"uv": [1.625, 13, 1, 13.625], "texture": "#0"}
			}
		},
		{
			"from": [0.61763, 17.93588, 3.59436],
			"to": [2.89437, 20.28788, 14.68263],
			"rotation": {"angle": 45, "axis": "x", "origin": [8.1064, 10.28061, 9.87246]},
			"faces": {
				"north": {"uv": [2, 13, 2.625, 13.625], "texture": "#0"},
				"east": {"uv": [1, 9.5, 4, 10.125], "texture": "#0"},
				"south": {"uv": [3, 13, 3.625, 13.625], "texture": "#0"},
				"west": {"uv": [1, 10.5, 4, 11.125], "texture": "#0"},
				"up": {"uv": [4.625, 13.5, 4, 10.5], "texture": "#0"},
				"down": {"uv": [5.625, 10.5, 5, 13.5], "texture": "#0"}
			}
		},
		{
			"from": [0.59882, 17.5604, 11.54024],
			"to": [2.91318, 19.9124, 16.71464],
			"rotation": {"angle": -22.5, "axis": "x", "origin": [8.1064, 10.28061, 9.87246]},
			"faces": {
				"north": {"uv": [13.625, 6, 13, 6.625], "rotation": 180, "texture": "#0"},
				"east": {"uv": [11, 11, 11.625, 12.375], "rotation": 270, "texture": "#0"},
				"south": {"uv": [6.625, 13.625, 6, 13], "texture": "#0"},
				"west": {"uv": [1, 11.5, 1.625, 12.875], "rotation": 90, "texture": "#0"},
				"up": {"uv": [10, 11, 10.625, 12.375], "rotation": 180, "texture": "#0"},
				"down": {"uv": [0, 11.5, 0.625, 12.875], "texture": "#0"}
			}
		},
		{
			"from": [1.0504, 11.27376, 2.08249],
			"to": [15.1624, 13.15536, 16.19449],
			"rotation": {"angle": 45, "axis": "x", "origin": [8.1064, 10.28061, 9.87246]},
			"faces": {
				"north": {"uv": [10.5, 3.5, 14.25, 4], "texture": "#0"},
				"east": {"uv": [10.5, 3.5, 14.25, 4], "texture": "#0"},
				"south": {"uv": [10.5, 3.5, 14.25, 4], "texture": "#0"},
				"west": {"uv": [10.5, 3.5, 14.25, 4], "texture": "#0"},
				"up": {"uv": [3.75, 3.75, 0, 0], "texture": "#0"},
				"down": {"uv": [3.75, 4, 0, 7.75], "texture": "#0"}
			}
		},
		{
			"from": [1.5208, 13.15536, 3.91705],
			"to": [1.5208, 18.00048, 14.35993],
			"rotation": {"angle": 45, "axis": "x", "origin": [8.1064, 10.28061, 9.87246]},
			"faces": {
				"north": {"uv": [0, 0, 0, 1.25], "texture": "#0"},
				"south": {"uv": [0, 0, 0, 1.25], "texture": "#0"},
				"west": {"uv": [7.5, 7.5, 10.25, 8.75], "texture": "#0"},
				"up": {"uv": [0, 2.75, 0, 0], "texture": "#0"},
				"down": {"uv": [0, 0, 0, 2.75], "texture": "#0"}
			}
		},
		{
			"from": [2.79088, 13.15536, 3.0269],
			"to": [13.42192, 15.50736, 3.0269],
			"rotation": {"angle": 45, "axis": "x", "origin": [8.1064, 10.28061, 9.87246]},
			"faces": {
				"north": {"uv": [6, 10.5, 8.875, 11.125], "texture": "#0"},
				"east": {"uv": [0, 0, 0, 0.625], "texture": "#0"},
				"west": {"uv": [0, 0, 0, 0.625], "texture": "#0"},
				"up": {"uv": [2.875, 0, 0, 0], "texture": "#0"},
				"down": {"uv": [2.875, 0, 0, 0], "texture": "#0"}
			}
		},
		{
			"from": [2.79088, 18.60525, 12.08166],
			"to": [13.42192, 18.60525, 16.31526],
			"rotation": {"angle": -22.5, "axis": "x", "origin": [8.1064, 10.28061, 9.87246]},
			"faces": {
				"north": {"uv": [2.875, 0, 0, 0], "rotation": 180, "texture": "#0"},
				"east": {"uv": [0, 0, 0, 1.125], "rotation": 270, "texture": "#0"},
				"south": {"uv": [2.875, 0, 0, 0], "texture": "#0"},
				"west": {"uv": [0, 0, 0, 1.125], "rotation": 90, "texture": "#0"},
				"up": {"uv": [1, 8, 3.875, 9.125], "rotation": 180, "texture": "#0"}
			}
		},
		{
			"from": [2.79088, 19.41682, 4.64704],
			"to": [13.42192, 19.41682, 13.63168],
			"rotation": {"angle": 45, "axis": "x", "origin": [8.1064, 10.28061, 9.87246]},
			"faces": {
				"north": {"uv": [0, 0, 2.875, 0], "texture": "#0"},
				"east": {"uv": [0, 0, 2.375, 0], "texture": "#0"},
				"south": {"uv": [0, 0, 2.875, 0], "texture": "#0"},
				"west": {"uv": [0, 0, 2.375, 0], "texture": "#0"},
				"up": {"uv": [10.375, 5.875, 7.5, 3.5], "texture": "#0"}
			}
		},
		{
			"from": [2.79088, 13.15464, 15.25008],
			"to": [13.42192, 15.50664, 15.25008],
			"rotation": {"angle": 45, "axis": "x", "origin": [8.1064, 10.28061, 9.87246]},
			"faces": {
				"east": {"uv": [0, 0, 0, 0.625], "texture": "#0"},
				"south": {"uv": [10.5, 7.5, 13.375, 8.125], "texture": "#0"},
				"west": {"uv": [0, 0, 0, 0.625], "texture": "#0"},
				"up": {"uv": [2.875, 0, 0, 0], "texture": "#0"},
				"down": {"uv": [2.875, 0, 0, 0], "texture": "#0"}
			}
		},
		{
			"from": [2.79088, 13.05091, 16.84064],
			"to": [13.42192, 17.28451, 16.84064],
			"rotation": {"angle": 22.5, "axis": "x", "origin": [8.1064, 10.28061, 9.87246]},
			"faces": {
				"east": {"uv": [0, 0, 0, 1.125], "texture": "#0"},
				"south": {"uv": [7.5, 9, 10.375, 10.125], "texture": "#0"},
				"west": {"uv": [0, 0, 0, 1.125], "texture": "#0"},
				"up": {"uv": [2.875, 0, 0, 0], "texture": "#0"},
				"down": {"uv": [2.875, 0, 0, 0], "texture": "#0"}
			}
		},
		{
			"from": [1.5208, 18.04752, 3.02329],
			"to": [1.61488, 23.69232, 15.25369],
			"rotation": {"angle": 45, "axis": "x", "origin": [8.1064, 10.28061, 9.87246]},
			"faces": {
				"east": {"uv": [10.75, 6, 7.5, 7.5], "texture": "#0"},
				"west": {"uv": [7.5, 6, 10.75, 7.5], "texture": "#0"}
			}
		},
		{
			"from": [0.58, 12.21456, 14.31289],
			"to": [2.932, 15.50736, 16.66489],
			"rotation": {"angle": 45, "axis": "x", "origin": [8.1064, 10.28061, 9.87246]},
			"faces": {
				"north": {"uv": [12.625, 12, 12, 12.875], "texture": "#0"},
				"east": {"uv": [12.625, 11, 12, 11.875], "texture": "#0"},
				"south": {"uv": [9.625, 12, 9, 12.875], "texture": "#0"},
				"west": {"uv": [8.625, 12.5, 8, 13.375], "texture": "#0"},
				"up": {"uv": [0.625, 13, 0, 13.625], "texture": "#0"},
				"down": {"uv": [1.625, 13.625, 1, 13], "texture": "#0"}
			}
		},
		{
			"from": [0.59882, 12.51013, 15.79605],
			"to": [2.91318, 17.68453, 18.14805],
			"rotation": {"angle": 22.5, "axis": "x", "origin": [8.1064, 10.28061, 9.87246]},
			"faces": {
				"north": {"uv": [0.625, 11.5, 0, 12.875], "texture": "#0"},
				"east": {"uv": [11.625, 11, 11, 12.375], "texture": "#0"},
				"south": {"uv": [10.625, 11, 10, 12.375], "texture": "#0"},
				"west": {"uv": [1.625, 11.5, 1, 12.875], "texture": "#0"},
				"up": {"uv": [6.625, 13, 6, 13.625], "texture": "#0"},
				"down": {"uv": [13.625, 6.625, 13, 6], "texture": "#0"}
			}
		},
		{
			"from": [13.2808, 12.21456, 1.61209],
			"to": [15.6328, 15.50736, 3.96409],
			"rotation": {"angle": 45, "axis": "x", "origin": [8.1064, 10.28061, 9.87246]},
			"faces": {
				"north": {"uv": [9.625, 12, 9, 12.875], "texture": "#0"},
				"east": {"uv": [8.625, 12.5, 8, 13.375], "texture": "#0"},
				"south": {"uv": [12.625, 12, 12, 12.875], "texture": "#0"},
				"west": {"uv": [12.625, 11, 12, 11.875], "texture": "#0"},
				"up": {"uv": [0, 13.625, 0.625, 13], "texture": "#0"},
				"down": {"uv": [1, 13, 1.625, 13.625], "texture": "#0"}
			}
		},
		{
			"from": [13.29962, 17.5604, 11.54024],
			"to": [15.61398, 19.9124, 16.71464],
			"rotation": {"angle": -22.5, "axis": "x", "origin": [8.1064, 10.28061, 9.87246]},
			"faces": {
				"north": {"uv": [13, 6, 13.625, 6.625], "rotation": 180, "texture": "#0"},
				"east": {"uv": [1.625, 11.5, 1, 12.875], "rotation": 270, "texture": "#0"},
				"south": {"uv": [6, 13.625, 6.625, 13], "texture": "#0"},
				"west": {"uv": [11.625, 11, 11, 12.375], "rotation": 90, "texture": "#0"},
				"up": {"uv": [10.625, 11, 10, 12.375], "rotation": 180, "texture": "#0"},
				"down": {"uv": [0.625, 11.5, 0, 12.875], "texture": "#0"}
			}
		},
		{
			"from": [13.2808, 12.21456, 14.31289],
			"to": [15.6328, 15.50736, 16.66489],
			"rotation": {"angle": 45, "axis": "x", "origin": [8.1064, 10.28061, 9.87246]},
			"faces": {
				"north": {"uv": [12, 12, 12.625, 12.875], "texture": "#0"},
				"east": {"uv": [8, 12.5, 8.625, 13.375], "texture": "#0"},
				"south": {"uv": [9, 12, 9.625, 12.875], "texture": "#0"},
				"west": {"uv": [12, 11, 12.625, 11.875], "texture": "#0"},
				"up": {"uv": [0, 13, 0.625, 13.625], "texture": "#0"},
				"down": {"uv": [1, 13.625, 1.625, 13], "texture": "#0"}
			}
		},
		{
			"from": [13.29962, 12.51013, 15.79605],
			"to": [15.61398, 17.68453, 18.14805],
			"rotation": {"angle": 22.5, "axis": "x", "origin": [8.1064, 10.28061, 9.87246]},
			"faces": {
				"north": {"uv": [0, 11.5, 0.625, 12.875], "texture": "#0"},
				"east": {"uv": [1, 11.5, 1.625, 12.875], "texture": "#0"},
				"south": {"uv": [10, 11, 10.625, 12.375], "texture": "#0"},
				"west": {"uv": [11, 11, 11.625, 12.375], "texture": "#0"},
				"up": {"uv": [6, 13, 6.625, 13.625], "texture": "#0"},
				"down": {"uv": [13, 6.625, 13.625, 6], "texture": "#0"}
			}
		},
		{
			"from": [13.31843, 17.93588, 3.59436],
			"to": [15.59517, 20.28788, 14.68263],
			"rotation": {"angle": 45, "axis": "x", "origin": [8.1064, 10.28061, 9.87246]},
			"faces": {
				"north": {"uv": [2.625, 13, 2, 13.625], "texture": "#0"},
				"east": {"uv": [4, 10.5, 1, 11.125], "texture": "#0"},
				"south": {"uv": [3.625, 13, 3, 13.625], "texture": "#0"},
				"west": {"uv": [4, 9.5, 1, 10.125], "texture": "#0"},
				"up": {"uv": [4, 13.5, 4.625, 10.5], "texture": "#0"},
				"down": {"uv": [5, 10.5, 5.625, 13.5], "texture": "#0"}
			}
		},
		{
			"from": [14.692, 13.15536, 3.91705],
			"to": [14.692, 18.00048, 14.35993],
			"rotation": {"angle": 45, "axis": "x", "origin": [8.1064, 10.28061, 9.87246]},
			"faces": {
				"north": {"uv": [0, 0, 0, 1.25], "texture": "#0"},
				"east": {"uv": [10.25, 7.5, 7.5, 8.75], "texture": "#0"},
				"south": {"uv": [0, 0, 0, 1.25], "texture": "#0"},
				"up": {"uv": [0, 2.75, 0, 0], "texture": "#0"},
				"down": {"uv": [0, 0, 0, 2.75], "texture": "#0"}
			}
		},
		{
			"from": [14.59792, 18.04752, 3.02329],
			"to": [14.692, 23.69232, 15.25369],
			"rotation": {"angle": 45, "axis": "x", "origin": [8.1064, 10.28061, 9.87246]},
			"faces": {
				"east": {"uv": [10.75, 6, 7.5, 7.5], "texture": "#0"},
				"west": {"uv": [7.5, 6, 10.75, 7.5], "texture": "#0"}
			}
		}
	],
	"gui_light": "front",
	"display": {
		"thirdperson_righthand": {
			"rotation": [64.5, 0, 0],
			"translation": [0, 3.25, 1.75],
			"scale": [0.5, 0.5, 0.5]
		},
		"thirdperson_lefthand": {
			"rotation": [64.5, 0, 0],
			"translation": [0, 3.25, 1.75],
			"scale": [0.75977, 0.75977, 0.75977]
		},
		"firstperson_righthand": {
			"translation": [-9.25, 5.75, 6.25],
			"scale": [0.25, 0.25, 0.25]
		},
		"firstperson_lefthand": {
			"rotation": [155.75, 0, -180],
			"translation": [-3.5, 5, 2.75],
			"scale": [0.66797, 0.66797, 0.66797]
		},
		"ground": {
			"translation": [0, 6.25, 0]
		},
		"gui": {
			"rotation": [0, 136, 0],
			"translation": [0, -0.25, 0],
			"scale": [0.75, 0.75, 0.75]
		},
		"head": {
			"rotation": [0, 180, 0],
			"translation": [0, -32, 0],
			"scale": [2.49414, 2.49414, 2.49414]
		},
		"fixed": {
			"rotation": [-90, 0, 0],
			"translation": [0, 0, -7.25]
		}
	},
	"groups": [
		{
			"name": "group",
			"origin": [11.5, 15.1, 4.5],
			"color": 0,
			"nbt": "{}",
			"children": [
				{
					"name": "group",
					"origin": [13.25, 0.475, 8],
					"color": 0,
					"nbt": "{}",
					"children": [0, 1, 2, 3, 4, 5, 6, 7, 8, 9, 10, 11, 12, 13]
				},
				{
					"name": "group",
					"origin": [11.5, 15.1, 4.5],
					"color": 0,
					"nbt": "{}",
					"children": [14, 15, 16, 17, 18, 19, 20, 21, 22, 23, 24, 25, 26, 27, 28, 29, 30, 31, 32, 33]
				}
			]
		}
	]
}