{"credit":"MadebyPolygonMC","texture_size":[12,12],"textures":{"0":"dragonsoulset/key","particle":"dragonsoulset/key"},"elements":[{"from":[7.4,8.1625,9.78928],"to":[8.6,9.6625,11.28928],"rotation":{"angle":-45,"axis":"x","origin":[8,8.6625,10.78928]},"faces":{"north":{"uv":[0,5.33333,1.66667,7.33333],"texture":"#0"},"east":{"uv":[0,0,2,2],"texture":"#0"},"south":{"uv":[5.33333,0,7,2],"texture":"#0"},"west":{"uv":[0,2.66667,2,4.66667],"texture":"#0"},"up":{"uv":[4.33333,7.33333,2.66667,5.33333],"texture":"#0"},"down":{"uv":[7,2.66667,5.33333,4.66667],"texture":"#0"}}},{"from":[7.2,8.3625,9.98928],"to":[8.8,9.4625,11.08928],"rotation":{"angle":-45,"axis":"x","origin":[8,8.6625,10.78928]},"faces":{"north":{"uv":[1.33333,8,3.33333,9.33333],"texture":"#0"},"east":{"uv":[2.66667,9.33333,4,10.66667],"texture":"#0"},"south":{"uv":[8,2.66667,10,4],"texture":"#0"},"west":{"uv":[4,9.33333,5.33333,10.66667],"texture":"#0"},"up":{"uv":[6,9.33333,4,8],"texture":"#0"},"down":{"uv":[10,4,8,5.33333],"texture":"#0"}}},{"from":[7.5,8.1625,8.98928],"to":[8.5,9.1625,9.98928],"rotation":{"angle":0,"axis":"y","origin":[7,7.6625,7.98928]},"faces":{"north":{"uv":[8,5.33333,9.33333,6.66667],"texture":"#0"},"east":{"uv":[6.66667,8,8,9.33333],"texture":"#0"},"west":{"uv":[8,6.66667,9.33333,8],"texture":"#0"},"up":{"uv":[9.33333,9.33333,8,8],"texture":"#0"},"down":{"uv":[10.66667,0,9.33333,1.33333],"texture":"#0"}}},{"from":[7.5,8.1625,4.98928],"to":[8.5,9.1625,6.98928],"rotation":{"angle":0,"axis":"y","origin":[7,7.6625,4.98928]},"faces":{"north":{"uv":[1.33333,9.33333,2.66667,10.66667],"texture":"#0"},"east":{"uv":[2.66667,0,5.33333,1.33333],"texture":"#0"},"south":{"uv":[9.33333,1.33333,10.66667,2.66667],"texture":"#0"},"west":{"uv":[2.66667,1.33333,5.33333,2.66667],"texture":"#0"},"up":{"uv":[4,5.33333,2.66667,2.66667],"texture":"#0"},"down":{"uv":[5.33333,2.66667,4,5.33333],"texture":"#0"}}},{"from":[7.8,7.6625,5.26428],"to":[8.2,8.1625,5.86428],"rotation":{"angle":0,"axis":"y","origin":[7,6.6625,4.56428]},"faces":{"north":{"uv":[9.33333,9.33333,10,10],"texture":"#0"},"east":{"uv":[0,10.66667,0.66667,11.33333],"texture":"#0"},"south":{"uv":[10.66667,0,11.33333,0.66667],"texture":"#0"},"west":{"uv":[1.33333,10.66667,2,11.33333],"texture":"#0"}}},{"from":[7.775,7.0125,5.23928],"to":[8.225,7.6625,5.88928],"rotation":{"angle":0,"axis":"y","origin":[7,6.1625,4.56428]},"faces":{"north":{"uv":[6.66667,9.33333,7.33333,10.33333],"texture":"#0"},"east":{"uv":[5.33333,9.33333,6.33333,10.33333],"texture":"#0"},"south":{"uv":[9.33333,6.66667,10,7.66667],"texture":"#0"},"west":{"uv":[9.33333,5.33333,10.33333,6.33333],"texture":"#0"},"up":{"uv":[8.66667,10.33333,8,9.33333],"texture":"#0"},"down":{"uv":[10,8,9.33333,9],"texture":"#0"}}},{"from":[7.8,7.6625,6.11428],"to":[8.2,8.1625,6.71428],"rotation":{"angle":0,"axis":"y","origin":[7,6.6625,5.41428]},"faces":{"north":{"uv":[9.33333,9.33333,10,10],"texture":"#0"},"east":{"uv":[0,10.66667,0.66667,11.33333],"texture":"#0"},"south":{"uv":[10.66667,0,11.33333,0.66667],"texture":"#0"},"west":{"uv":[1.33333,10.66667,2,11.33333],"texture":"#0"}}},{"from":[7.775,7.0125,6.08928],"to":[8.225,7.6625,6.73928],"rotation":{"angle":0,"axis":"y","origin":[7,6.1625,5.41428]},"faces":{"north":{"uv":[6.66667,9.33333,7.33333,10.33333],"texture":"#0"},"east":{"uv":[5.33333,9.33333,6.33333,10.33333],"texture":"#0"},"south":{"uv":[9.33333,6.66667,10,7.66667],"texture":"#0"},"west":{"uv":[9.33333,5.33333,10.33333,6.33333],"texture":"#0"},"up":{"uv":[8.66667,10.33333,8,9.33333],"texture":"#0"},"down":{"uv":[10,8,9.33333,9],"texture":"#0"}}},{"from":[7.6,8.2625,6.98928],"to":[8.4,9.0625,8.98928],"rotation":{"angle":0,"axis":"y","origin":[7,7.6625,6.98928]},"faces":{"east":{"uv":[5.33333,5.33333,8,6.33333],"texture":"#0"},"west":{"uv":[5.33333,6.66667,8,7.66667],"texture":"#0"},"up":{"uv":[1,10.66667,0,8],"texture":"#0"},"down":{"uv":[9,0,8,2.66667],"texture":"#0"}}}],"gui_light":"front","display":{"thirdperson_righthand":{"rotation":[82.5,0,0],"translation":[0,2.5,-0.25]},"thirdperson_lefthand":{"rotation":[82.5,0,0],"translation":[0,2.5,-0.25]},"firstperson_righthand":{"rotation":[50.75,0,-24],"translation":[-4.25,6,4.5]},"firstperson_lefthand":{"rotation":[50.75,0,-24],"translation":[-4.25,6,4.5]},"ground":{"rotation":[45,0,0],"translation":[0,2.5,0],"scale":[1.91797,1.91797,1.91797]},"gui":{"rotation":[-90,135,90],"translation":[-0.5,-1.5,0],"scale":[2.57813,2.57813,2.57813]},"head":{"scale":[0,0,0]},"fixed":{"rotation":[90,-45,90],"translation":[0.75,-2.25,0],"scale":[3.08008,3.08008,3.08008]}}}