{
	"credit": "Made with Blockbench",
	"texture_size": [64, 64],
	"textures": {
		"0": "scrap_ruined",
		"particle": "scrap_ruined"
	},
	"elements": [
		{
			"from": [1, 0, 1],
			"to": [15, 1, 15],
			"faces": {
				"north": {"uv": [7.5, 3, 11, 3.25], "texture": "#0"},
				"east": {"uv": [7.5, 3.5, 11, 3.75], "texture": "#0"},
				"south": {"uv": [7.5, 4, 11, 4.25], "texture": "#0"},
				"west": {"uv": [7.5, 4.5, 11, 4.75], "texture": "#0"},
				"up": {"uv": [3.5, 3.5, 0, 0], "texture": "#0"},
				"down": {"uv": [3.5, 3.75, 0, 7.25], "texture": "#0"}
			}
		},
		{
			"from": [4, 1, 4],
			"to": [12, 2, 12],
			"faces": {
				"north": {"uv": [7.75, 2, 9.75, 2.25], "texture": "#0"},
				"east": {"uv": [7.75, 2.5, 9.75, 2.75], "texture": "#0"},
				"south": {"uv": [8.25, 5, 10.25, 5.25], "texture": "#0"},
				"west": {"uv": [8.25, 5.5, 10.25, 5.75], "texture": "#0"},
				"up": {"uv": [5.75, 2, 3.75, 0], "texture": "#0"},
				"down": {"uv": [5.75, 2.25, 3.75, 4.25], "texture": "#0"}
			}
		},
		{
			"from": [2, 2, 5],
			"to": [4, 9, 7],
			"rotation": {"angle": 22.5, "axis": "z", "origin": [7.5, 8, 6]},
			"faces": {
				"north": {"uv": [7.5, 5, 8, 6.75], "texture": "#0"},
				"east": {"uv": [5.75, 7.5, 6.25, 9.25], "texture": "#0"},
				"south": {"uv": [7.5, 7, 8, 8.75], "texture": "#0"},
				"west": {"uv": [7.75, 0, 8.25, 1.75], "texture": "#0"},
				"up": {"uv": [6.5, 3.5, 6, 3], "texture": "#0"},
				"down": {"uv": [6.5, 3.75, 6, 4.25], "texture": "#0"}
			}
		},
		{
			"from": [10, 2, 6],
			"to": [13, 14, 8],
			"rotation": {"angle": -22.5, "axis": "z", "origin": [7.5, 8, 6]},
			"faces": {
				"north": {"uv": [3.75, 4.5, 4.5, 7.5], "texture": "#0"},
				"east": {"uv": [6.75, 3, 7.25, 6], "texture": "#0"},
				"south": {"uv": [4.75, 4.5, 5.5, 7.5], "texture": "#0"},
				"west": {"uv": [6.75, 6.25, 7.25, 9.25], "texture": "#0"},
				"up": {"uv": [4.5, 8.25, 3.75, 7.75], "texture": "#0"},
				"down": {"uv": [5.5, 7.75, 4.75, 8.25], "texture": "#0"}
			}
		},
		{
			"from": [7.5803, 0.89001, 11],
			"to": [10.5803, 11.89001, 13],
			"rotation": {"angle": 45, "axis": "x", "origin": [10.0803, 6.39001, 10]},
			"faces": {
				"north": {"uv": [5.75, 4.5, 6.5, 7.25], "texture": "#0"},
				"east": {"uv": [7, 0, 7.5, 2.75], "texture": "#0"},
				"south": {"uv": [6, 0, 6.75, 2.75], "texture": "#0"},
				"west": {"uv": [0, 7.5, 0.5, 10.25], "texture": "#0"},
				"up": {"uv": [9, 6.5, 8.25, 6], "texture": "#0"},
				"down": {"uv": [9, 6.75, 8.25, 7.25], "texture": "#0"}
			}
		},
		{
			"from": [2.48291, 0.43017, 8],
			"to": [4.48291, 8.43017, 10],
			"rotation": {"angle": 45, "axis": "z", "origin": [4.10791, 4.43017, 9]},
			"faces": {
				"north": {"uv": [0.75, 7.5, 1.25, 9.5], "texture": "#0"},
				"east": {"uv": [1.5, 7.5, 2, 9.5], "texture": "#0"},
				"south": {"uv": [2.25, 7.5, 2.75, 9.5], "texture": "#0"},
				"west": {"uv": [3, 7.5, 3.5, 9.5], "texture": "#0"},
				"up": {"uv": [8.75, 8, 8.25, 7.5], "texture": "#0"},
				"down": {"uv": [8.75, 8.25, 8.25, 8.75], "texture": "#0"}
			}
		}
	],
	"display": {
		"ground": {
			"translation": [0, 2, 0],
			"scale": [0.5, 0.5, 0.5]
		},
		"gui": {
			"rotation": [45, 45, 0],
			"translation": [0, 2.5, 0],
			"scale": [0.75, 0.75, 0.75]
		}
	},
	"groups": [
		{
			"name": "group",
			"origin": [7.5, 8, 6],
			"color": 0,
			"nbt": "{}",
			"children": [0, 1, 2, 3, 4, 5]
		}
	]
}